0,1,2
0.9930577,0.29001683,0.988455
0.9890112,0.11990675,0.06252712
0.98890555,0.119882524,0.06268346
0.98891103,0.11988428,0.062675804
0.98890734,0.119883895,0.062681556
0.98890454,0.119883806,0.062686265
0.98890287,0.11988351,0.06268889
0.988902,0.11988336,0.06269026
0.98890144,0.11988369,0.06269121
0.98890114,0.11988342,0.06269163
0.988901,0.11988336,0.06269187
0.9889009,0.11988336,0.06269193
0.9889009,0.11988342,0.06269202
0.9889008,0.11988342,0.06269199
0.9889008,0.11988333,0.062692076
0.9889008,0.11988336,0.062692046
0.9889008,0.11988342,0.062692076
0.9889008,0.11988324,0.062692225
0.9889008,0.1198833,0.062692165
0.9889008,0.1198833,0.062692165
0.9889008,0.1198833,0.062692165
0.9889008,0.11988324,0.062692106
0.9889008,0.11988324,0.062692106
0.9889008,0.11988324,0.062692106
0.9889008,0.11988324,0.062692106
0.9846363,0.18339726,0.180354
0.9479797,0.15873948,0.6003646
0.81896317,0.09000617,0.8832498
0.66030955,0.06858763,0.89318967
0.7856995,0.046612978,0.891968
0.8765696,0.020256758,0.87454665
0.939169,0.013843358,0.65400726
0.8878778,0.010772556,0.30483547
0.7303773,0.014821947,0.16050771
0.38043404,0.036755472,0.06860909
0.10873991,0.10772139,0.029415995
0.043901056,0.19526961,0.0140013695
0.019472092,0.23436603,0.0065931976
0.020260453,0.19060218,0.003463
0.028490007,0.07764,0.0073266327
0.016978443,0.20141608,0.005537957
0.018387169,0.41934538,0.0064430535
0.0201734,0.6749505,0.0075538754
0.02619204,0.7848507,0.01578191
0.031924754,0.83937454,0.045211732
0.032457054,0.84897894,0.04879409
0.016176045,0.8575207,0.04335189
0.007992476,0.86460257,0.03508979
0.008835226,0.8030105,0.033180684
0.009101957,0.7419523,0.031270564
0.0072455406,0.73947424,0.027494192
0.0054260194,0.7582207,0.02499643
0.008839071,0.84864044,0.032834947
0.014404297,0.87144,0.0433681
0.02105704,0.85722756,0.042829663
0.030941129,0.8151029,0.046090633
0.04951322,0.76059645,0.05276987
0.044889003,0.7867766,0.08347911
0.020915985,0.8960329,0.19436514
0.013031781,0.9495028,0.37298906
0.0095356405,0.96941715,0.58039665
0.0075279474,0.9769995,0.7184528
0.0068539083,0.9799719,0.7936403
0.0071304142,0.9806502,0.8235433
0.007538438,0.9793693,0.82744396
0.007947385,0.9767342,0.8150549
0.006904006,0.973466,0.77533054
0.005505055,0.9656655,0.6768865
0.0036683977,0.9674164,0.52260125
0.0030421615,0.97073454,0.40633
0.00260216,0.96507263,0.31385028
0.0022491217,0.95502317,0.2536382
0.0020801127,0.93971765,0.20657563
0.0018948317,0.918737,0.16881603
0.000898242,0.90401053,0.18781126
0.0011441112,0.8454893,0.25791374
0.0010871291,0.9046143,0.1933524
0.0012593269,0.9346414,0.123586595
0.0019202828,0.9493592,0.06911054
0.0022662878,0.9587064,0.08248809
0.003461361,0.95949805,0.17827398
0.0048917234,0.9507855,0.5833206
0.0038659573,0.94258976,0.8799144
0.0016780496,0.9622216,0.9259049
0.00097069144,0.97562706,0.9261805
0.0011268258,0.9782739,0.9027072
0.0025534928,0.98280144,0.8450767
0.05564809,0.969386,0.9058435
0.842888,0.68950343,0.7487241
0.978801,0.37185922,0.45662513
0.98862576,0.27688882,0.34450877
0.9867655,0.29506955,0.38489026
0.97933567,0.35622475,0.51851976
0.97032183,0.4151364,0.660838
0.9734289,0.41148388,0.74014884
0.97947145,0.3750314,0.7628273
0.97806823,0.36353895,0.73170424
0.9674958,0.39234692,0.5928954
0.9497321,0.3555893,0.3808071
0.9530812,0.2516853,0.47684947
0.9585437,0.19257241,0.62579983
0.97409534,0.12530702,0.67016286
0.9750991,0.091704786,0.7402959
0.941307,0.11912307,0.5901061
0.046002597,0.8471328,0.38880947
0.00369066,0.97120357,0.16289791
0.0015922487,0.9824965,0.09965569
0.0018594265,0.9758098,0.097001165
0.0018838942,0.9752817,0.09685314
0.001268208,0.9841287,0.08732602
0.00091034174,0.9899325,0.085657656
0.0009595752,0.9915385,0.11126801
0.0020868778,0.9857626,0.25245303
0.010449082,0.93051195,0.6707156
0.8209028,0.23304984,0.7563212
0.95349216,0.20763463,0.54170454
0.9640074,0.22077763,0.4479113
0.96354973,0.21968353,0.45615387
0.9556645,0.20420006,0.54023755
0.948812,0.15117404,0.66605294
0.12329787,0.69350266,0.74938554
0.0041574836,0.96622133,0.54317164
0.0012908876,0.9903659,0.1781218
0.0007827878,0.9927509,0.09783548
0.00081941485,0.99238133,0.09396598
0.00079119205,0.9932368,0.10550526
0.0010938942,0.9920224,0.1899252
0.0023680925,0.9774451,0.6031969
0.010432988,0.93767834,0.83379054
0.8495883,0.304267,0.5833135
0.9633988,0.23964813,0.31116834
0.9469339,0.3176399,0.21952978
0.94783586,0.30769587,0.24143589
0.96312785,0.23992592,0.35348707
0.9364251,0.24065378,0.5079814
0.25303683,0.6367635,0.78997546
0.0045219064,0.9594723,0.7259002
0.0013881922,0.9894203,0.31214017
0.00087043643,0.9928953,0.12113562
0.00086158514,0.9930538,0.10763261
0.0009703338,0.99237,0.14949167
0.0013572574,0.9878025,0.39227387
0.0025257766,0.9734074,0.7699344
0.037357867,0.88652873,0.80301034
0.9414433,0.26848507,0.3722612
0.94670486,0.3190279,0.179079
0.9471936,0.33475697,0.15413731
0.9467573,0.3188672,0.19274256
0.9612335,0.23886654,0.3177759
0.7857324,0.35326606,0.5997894
0.014551491,0.9277621,0.8466677
0.0024170578,0.975634,0.6687258
0.0011548698,0.9906589,0.27108467
0.0010486841,0.99161893,0.22639093
0.001412183,0.9866731,0.4372397
0.002262473,0.9746524,0.75960577
0.0089660585,0.9494546,0.8350818
0.87407655,0.3269981,0.4472835
0.9481375,0.30267876,0.19122687
0.9487214,0.33318424,0.13902402
0.9477695,0.33469182,0.1491571
0.9480843,0.3039232,0.21119651
0.94758016,0.2614648,0.3895589
0.32968593,0.62174726,0.72761744
0.003965825,0.964696,0.8078046
0.0016203523,0.985057,0.48704153
0.0009861588,0.99231136,0.15588963
0.0009856224,0.99245083,0.138268
0.001017034,0.9916117,0.21689883
0.0015924275,0.98290384,0.5620287
0.0026468933,0.974175,0.8323866
0.057002187,0.8706502,0.7258097
0.96133935,0.23617771,0.23895544
0.94906247,0.32871646,0.12993568
0.9524324,0.3284762,0.115431935
0.9479042,0.33229774,0.14435565
0.95475507,0.27115864,0.22892553
0.90099907,0.30189216,0.4682146
0.03192264,0.8918581,0.8175076
0.0025100112,0.97384846,0.7436761
0.0013023913,0.9882866,0.37305647
0.0011444986,0.9898616,0.3075654
0.0015542507,0.98396933,0.53203535
0.0026240945,0.97351056,0.79259926
0.014837176,0.93492633,0.81218827
0.91189456,0.30597395,0.37822038
0.94694793,0.3157455,0.16685194
0.948303,0.33067942,0.138711
0.9460096,0.32671994,0.16657883
0.9618921,0.23847288,0.27302024
0.69110715,0.4226917,0.59777623
0.009278476,0.9462944,0.8459858
0.0023495853,0.97522587,0.69606817
0.0011537969,0.9899626,0.30273822
0.0010457635,0.99108094,0.249183
0.0013757646,0.98621863,0.45609424
0.0021996796,0.9750952,0.7690332
0.004965842,0.96481204,0.840114
0.8437679,0.35141534,0.4373663
0.947101,0.31385422,0.16394055
0.9530494,0.32729667,0.110515386
0.9547148,0.33999336,0.12198779
0.94862425,0.33405435,0.14109081
0.95271873,0.28089267,0.22586486
0.91996884,0.2850821,0.45576084
0.04642266,0.8654274,0.8114592
0.0026257634,0.9731413,0.7424339
0.0012708008,0.9889536,0.34480414
0.0010025501,0.99227494,0.15943116
0.0010057092,0.99196875,0.19795656
0.0013834536,0.98602206,0.46348563
0.0024710596,0.97411525,0.78738874
0.0113119185,0.9449218,0.81317663
0.93214107,0.28159866,0.3467636
0.9460182,0.32601172,0.1509574
0.95132667,0.32939976,0.11830801
0.9491856,0.33199704,0.13361233
0.94780976,0.30659533,0.19403338
0.9443116,0.26463887,0.38095123
0.14180994,0.7655679,0.75626045
0.0030448437,0.970824,0.80096495
0.0014486909,0.98643446,0.44577086
0.0009968579,0.9923929,0.14460006
0.000996232,0.9925342,0.12770039
0.0010109842,0.9920954,0.18836242
0.0014111698,0.98460436,0.51494694
0.0024738908,0.97475964,0.82230747
0.017633855,0.93336654,0.76128435
0.95965767,0.23690343,0.23295167
0.94964445,0.3251452,0.12073368
0.95315266,0.3260914,0.1047743
0.94914895,0.329073,0.12977779
0.95216155,0.2815714,0.20289743
0.880108,0.3215438,0.45300603
0.01730737,0.92598397,0.8233552
0.0022728443,0.97470903,0.7554903
0.0012614429,0.988061,0.38382137
0.0011305809,0.9893904,0.32917497
0.001554817,0.98295754,0.56451124
0.0025238693,0.97430134,0.8104798
0.011794627,0.9448624,0.79817104
0.9480113,0.25579602,0.308591
0.9467075,0.3249614,0.14289725
0.95158833,0.32844347,0.11378157
0.9493001,0.330383,0.13043314
0.948035,0.303872,0.19113147
0.9353645,0.27658623,0.38781694
0.07376528,0.83587635,0.7790806
0.0028456151,0.9721271,0.7902638
0.0013448596,0.9873638,0.4109086
0.001000315,0.99245745,0.13644835
0.0010000467,0.9925965,0.12045863
0.0010048449,0.99235964,0.16961259
0.0013142824,0.9855505,0.483231
0.002383083,0.97504175,0.8155363
0.009640247,0.9526267,0.77929974
0.95778,0.23975772,0.23179474
0.9502249,0.32335743,0.11427921
0.95818996,0.36795866,0.12697506
0.96211255,0.4107079,0.21020827
0.9602277,0.39914063,0.18696675
0.95348155,0.32985988,0.11728978
0.9472129,0.31345958,0.19052553
0.94335884,0.26475358,0.40203482
0.09176779,0.80809516,0.78846335
0.0027056336,0.9719174,0.76686877
0.0012492537,0.98914576,0.33686683
0.00095915794,0.99267083,0.120511204
0.0009474158,0.99277663,0.107462585
0.0010233521,0.9924016,0.14162815
0.0011592507,0.98828477,0.3770985
0.0020802915,0.9757851,0.77505934
0.004675925,0.9669999,0.82946414
0.9330427,0.27913177,0.32243878
0.9483205,0.32352775,0.12833053
0.9573031,0.35988247,0.123551846
0.9588659,0.38014507,0.15090814
0.9538655,0.3317357,0.11475083
0.9461964,0.32464752,0.16988027
0.9550058,0.24880946,0.3369829
0.16388291,0.7494532,0.7433487
0.0030251145,0.97105396,0.8036027
0.001434952,0.98654854,0.44161394
0.000996232,0.9924134,0.14211404
0.0009945631,0.99256474,0.124337316
0.0010047555,0.9923011,0.17546782
0.001357019,0.98532057,0.49060112
0.0024425983,0.97475106,0.81467664
0.012863487,0.94379854,0.775963
0.9585836,0.2377272,0.24070469
0.9494154,0.32448405,0.12153357
0.9545462,0.33419067,0.10754788
0.9517108,0.3284906,0.11423764
0.9466282,0.31948167,0.16676384
0.9536557,0.24947873,0.32765058
0.1077151,0.8046196,0.74478275
0.002856344,0.9724685,0.8135973
0.0014466643,0.9857874,0.47082585
0.0010158718,0.99235564,0.14790237
0.0010146499,0.99249935,0.13051453
0.0010218918,0.99176836,0.20301312
0.0014074445,0.98397523,0.5366666
0.0024020076,0.9752878,0.83225995
0.01665464,0.93460315,0.75465745
0.9597452,0.23970562,0.21222281
0.95090306,0.32360464,0.1098668
0.9547948,0.33519104,0.1052306
0.9508589,0.32794994,0.11557448
0.94773257,0.3068844,0.17537317
0.9087014,0.30605775,0.3983518
0.025738329,0.9093543,0.8057877
0.0025080144,0.9738108,0.77978295
0.0013461113,0.9865904,0.4422156
0.001209259,0.9880682,0.38492256
0.0016843975,0.9804646,0.62165564
0.0025231242,0.9747177,0.83082175
0.017210484,0.9335241,0.77015007
0.9585247,0.23552176,0.25949556
0.9478545,0.32512814,0.13376728
0.9507842,0.32879257,0.11677492
0.9471437,0.32882437,0.14472103
0.96090835,0.24399176,0.23904654
0.6632655,0.44304037,0.58655643
0.0063532293,0.9578924,0.84688306
0.0021887124,0.9756824,0.7089168
0.0011269152,0.9898035,0.31115723
0.0010347664,0.9909209,0.252767
0.0013261139,0.9862872,0.4551461
0.0020997226,0.9756367,0.77054054
0.003658414,0.97059906,0.84409136
0.79703224,0.38178307,0.4472978
0.9466164,0.31894428,0.15045083
0.95470303,0.33637357,0.11064899
0.9571738,0.36155808,0.13256603
0.9520121,0.32953477,0.120301306
0.9471622,0.3139455,0.18643722
0.9449724,0.26401782,0.38165408
0.13634884,0.7676344,0.7646128
0.0030480027,0.9705286,0.78892976
0.0013795793,0.98744714,0.4065115
0.0009857416,0.99247074,0.13578916
0.0009817779,0.99263465,0.11876118
0.0010007918,0.9923853,0.16073865
0.0013108552,0.9861698,0.45967844
0.0024487078,0.9745116,0.80372775
0.011347026,0.9468757,0.7893467
0.958269,0.2362343,0.25704128
0.94859827,0.32511503,0.12845033
0.9543561,0.33343393,0.109279364
0.9522138,0.3284529,0.114904374
0.94603497,0.326333,0.16464713
0.9589524,0.23970154,0.31070536
0.27317083,0.67669,0.6987939
0.0034925342,0.969089,0.8307505
0.0016797781,0.9832654,0.5413419
0.0009945333,0.9922881,0.16635078
0.001010567,0.9923651,0.1470741
0.0010325015,0.9908816,0.25348184
0.0016682446,0.98098457,0.60951275
0.0026161373,0.9747057,0.8488392
0.07825202,0.8435111,0.702508
0.95954525,0.2469903,0.21114707
0.95042866,0.3282408,0.11911148
0.9539772,0.331653,0.11222783
0.94912875,0.33224684,0.134467
0.95017886,0.2919594,0.20881313
0.9275289,0.2820615,0.42725736
0.05816883,0.8506436,0.80078465
0.0026018322,0.9726968,0.7652209
0.0012513101,0.98904824,0.3410704
0.00096687675,0.99262094,0.12304723
0.0009520054,0.9927964,0.1088109
0.0010240972,0.99236363,0.14707917
0.0012172163,0.9875953,0.4047265
0.002266109,0.97503185,0.78516495
0.007380545,0.95755064,0.81325144
0.95000863,0.25355595,0.29199228
0.9481064,0.32485384,0.13186923
0.9558095,0.34667376,0.117869884
0.9559785,0.35028106,0.12552074
0.9491755,0.33277625,0.13485199
0.9533531,0.27786767,0.22272918
0.89666104,0.30386633,0.4745469
0.025743425,0.903193,0.823873
0.0025093257,0.9742248,0.7252828
0.0012468398,0.9891033,0.3387484
0.0011108816,0.99040735,0.28361994
0.001521349,0.9846915,0.5090746
0.0025905073,0.97351927,0.78494734
0.015861899,0.9313997,0.81739557
0.90954024,0.30617937,0.39261588
0.9473562,0.3113703,0.17700517
0.94723076,0.3316391,0.14897525
0.9468722,0.31725922,0.18363982
0.9607409,0.23815298,0.30573857
0.6325851,0.4600574,0.62421453
0.007650435,0.95119447,0.85369897
0.0022503138,0.97658587,0.6664906
0.0011127591,0.9908045,0.26545495
0.0010298789,0.9917477,0.21498775
0.0013225675,0.98746294,0.4073286
0.0021348894,0.97546,0.742949
0.003954053,0.9686556,0.84945214
0.7682749,0.3916509,0.5146396
0.9480891,0.30310774,0.18592024
0.9518526,0.3297448,0.12116787
0.954332,0.3385541,0.1265406
0.94857043,0.33546084,0.14829803
0.95063925,0.28893965,0.23347208
0.94235563,0.2622699,0.44208825
0.16440558,0.72842616,0.78227323
0.0033085644,0.9670069,0.7604197
0.0013431609,0.988899,0.34573933
0.00092867017,0.99269855,0.12509632
0.000911355,0.99293184,0.108867764
0.0010002553,0.99235785,0.14941192
0.0012869835,0.98762214,0.40215942
0.0023899674,0.9743683,0.77848756
0.015770823,0.93285096,0.8087746
0.9472627,0.2572142,0.32973745
0.9458482,0.32802096,0.1544205
0.9495555,0.33203432,0.13054746
0.9462987,0.33234006,0.15772235
0.96045214,0.24942386,0.2521449
0.88114893,0.31211025,0.49541017
0.028904319,0.8960557,0.8225676
0.002574265,0.97377366,0.7318232
0.001296252,0.98861206,0.3591434
0.0011618137,0.9898896,0.305844
0.001606524,0.98361623,0.53785723
0.0026974082,0.97317374,0.7943531
0.024636656,0.91239756,0.80218446
0.92761624,0.28792387,0.37304002
0.94703275,0.31501555,0.17474148
0.9468204,0.3320194,0.15291518
0.9475244,0.30993998,0.19483659
0.9572309,0.24730983,0.3301068
0.50038296,0.5340383,0.66472447
0.0047454834,0.9623281,0.8429333
0.0019886196,0.9796687,0.614369
0.0010413826,0.99176943,0.21734908
0.0009917319,0.9922579,0.17228192
0.0011845529,0.9891358,0.33907294
0.0020072758,0.9763818,0.7001806
0.0032532215,0.9720035,0.85843253
0.38267186,0.6085672,0.62155217
0.95227385,0.28027016,0.19755143
0.9511415,0.33006704,0.1215235
0.9543339,0.3375409,0.12289119
0.9490285,0.33434743,0.14225537
0.94908667,0.29657316,0.22136831
0.9427722,0.26373914,0.42877653
0.1469742,0.7494261,0.7789571
0.0033905208,0.9680722,0.7907928
0.0015699863,0.9852464,0.46409342
0.001036793,0.9919088,0.1619491
0.0010623634,0.9918605,0.15206873
0.001159668,0.9892797,0.29464126
0.001942128,0.9749098,0.68284124
0.004701793,0.9618876,0.86476535
0.038878858,0.8662617,0.6788609
0.9470922,0.29868895,0.12321547
0.95401627,0.33444917,0.07347271
0.9569853,0.36473566,0.097868145
0.95521355,0.32273412,0.069506526
0.95131207,0.30565876,0.10241076
0.9580991,0.2347315,0.1949898
0.01421532,0.921823,0.77872765
0.0094022155,0.9382714,0.8779116
0.002648294,0.9629892,0.7631713
0.0024103522,0.9665122,0.7168524
0.0040581524,0.9524468,0.8368345
0.01187703,0.92520607,0.8665719
0.026958525,0.8530072,0.7282151
0.95666134,0.22602192,0.13425195
0.95530796,0.2698525,0.0797919
0.95530283,0.26259702,0.085413635
0.959502,0.21137589,0.14224312
0.062238127,0.75095963,0.71436715
0.025978029,0.860847,0.83057266
0.007956773,0.9268295,0.8770656
0.0030812323,0.96473193,0.6554563
0.0023749769,0.9741355,0.55360985
0.0035913587,0.95824575,0.7211074
0.010374427,0.9154639,0.8922227
0.055395454,0.725662,0.80634546
0.96717143,0.12296367,0.23411343
0.9633094,0.16759104,0.1077742
0.96389735,0.16656798,0.10605416
0.96547085,0.14144188,0.16322067
0.20929798,0.44395012,0.7546345
0.07179707,0.6754901,0.8257622
0.01359719,0.9002203,0.88835824
0.0043797493,0.95679593,0.65278226
0.002167344,0.98173296,0.32418355
0.002171129,0.98151076,0.3277898
0.0036701262,0.96438277,0.58145595
0.013335228,0.9058986,0.85704756
0.17316508,0.46470585,0.83557665
0.9676173,0.07337052,0.352494
0.968471,0.099249005,0.14588478
0.96884215,0.0971472,0.15048027
0.9718354,0.07679945,0.24533746
0.42799568,0.22712842,0.8108017
0.17196417,0.47577545,0.8598697
0.018553048,0.8842576,0.84053683
0.0039123595,0.9661988,0.5012364
0.0020206273,0.981326,0.2429654
0.0019141734,0.981889,0.23109895
0.0022266805,0.9806874,0.31503594
0.0049057603,0.95547307,0.6269532
0.18436423,0.46112975,0.85570717
0.97467196,0.053457618,0.32797036
0.97273356,0.08000013,0.15419438
0.97562563,0.109736055,0.1275067
0.97535723,0.09828028,0.12057009
0.97406733,0.079161376,0.15258157
0.9749889,0.057956994,0.20491639
0.9717916,0.04449743,0.50213474
0.674283,0.119965404,0.8493722
0.20595402,0.47028872,0.8631079
0.013437241,0.91599905,0.6644193
0.00467515,0.96355546,0.41698515
0.0023434162,0.9723204,0.3133722
0.0022364855,0.9724327,0.3193105
0.0035185814,0.9670803,0.36133853
0.011007249,0.92056096,0.58489466
0.3787182,0.3191161,0.8454832
0.8386186,0.06584641,0.8135845
0.9715331,0.0413782,0.49782732
0.9752331,0.046286583,0.35314876
0.9709413,0.038782775,0.5449659
0.8791417,0.05356306,0.8043554
0.80542755,0.08348724,0.8358006
0.44232097,0.28884163,0.84606826
0.037230432,0.80917346,0.66042405
0.005843401,0.9503293,0.4417888
0.0031181872,0.9616529,0.37717283
0.0028328598,0.9623937,0.38101608
0.0042471588,0.95555353,0.39185005
0.029403448,0.8214612,0.6069511
0.6639278,0.18475279,0.786542
0.86501944,0.069930404,0.754781
0.96336204,0.042017043,0.60047984
0.9623078,0.042727977,0.59703475
0.87137365,0.065228075,0.73293924
0.8677275,0.07937056,0.7652793
0.7745108,0.13153368,0.7881905
0.22532594,0.4727875,0.70762503
0.011185199,0.9098084,0.4719814
0.0038844347,0.9519057,0.3987147
0.0016142726,0.9777492,0.33276394
0.001504153,0.9798541,0.32763976
0.0028829575,0.96408993,0.34411788
0.029439807,0.8123944,0.49137184
0.7551582,0.14172345,0.7439024
0.82907605,0.112231284,0.5857251
0.93745935,0.07355201,0.45258164
0.949437,0.06538403,0.48230737
0.9038308,0.08743444,0.4720866
0.83709973,0.11149189,0.57491934
0.84509504,0.111038476,0.67214316
0.7748841,0.1344167,0.75170714
0.15677133,0.54544234,0.50969875
0.007375866,0.92504585,0.31797433
0.0011058152,0.9874096,0.27653843
0.0020883381,0.98187184,0.5191724
0.0021324456,0.98214614,0.52527714
0.0007804036,0.99143445,0.26411453
0.017484844,0.8574698,0.2617311
0.77554387,0.13927245,0.67229843
0.8106734,0.15129465,0.5086459
0.90792525,0.12364912,0.36672792
0.9389484,0.09766948,0.4039427
0.9183017,0.11093488,0.40500665
0.8709658,0.14068973,0.38094607
0.82270247,0.149026,0.5084969
0.82164085,0.13899374,0.6155493
0.8054822,0.12701693,0.66270876
0.14986533,0.51722413,0.40879595
0.0010689497,0.988802,0.12759727
0.0016693175,0.98610306,0.45334747
0.0037108362,0.9784734,0.745785
0.0033501387,0.98049855,0.75065476
0.0012811124,0.9893138,0.47451943
0.0012857616,0.98787075,0.1332233
0.8098554,0.13571513,0.59031135
0.8489143,0.15466166,0.53352267
0.92017126,0.129929,0.4511527
0.9412507,0.13686141,0.26912028
0.9463178,0.12667567,0.2909913
0.9437175,0.1314972,0.2761556
0.9363923,0.1498053,0.25059786
0.9152007,0.1295008,0.46050423
0.8465724,0.16430396,0.47266954
0.8730369,0.14058924,0.56336755
0.8763976,0.12515831,0.6626255
0.27419838,0.48111838,0.3781427
0.0020641685,0.98341787,0.15419427
0.0020258725,0.9861735,0.41338494
0.0019518435,0.98827314,0.7908189
0.0022549033,0.98451865,0.8437904
0.0020457506,0.9858986,0.8476304
0.0015669763,0.9906327,0.8177519
0.0023246706,0.9864149,0.4329087
0.002421558,0.98242056,0.16091591
0.8782276,0.14107072,0.59069896
0.9019823,0.16724801,0.43319702
0.92739624,0.16915464,0.29816204
0.9491285,0.13306892,0.25602853
0.9539604,0.121258885,0.23725677
0.9497966,0.13052249,0.2600242
0.9361546,0.15654132,0.2778561
0.9214553,0.15834823,0.35152072
0.90118194,0.15480325,0.45825234
0.8846805,0.14331424,0.5530914
0.8928478,0.12707698,0.61828
0.15790024,0.6483965,0.34389126
0.0022654831,0.9832984,0.17866129
0.0022146702,0.9862746,0.45990035
0.0016455054,0.9901179,0.7931337
0.0016256869,0.990443,0.8095816
0.0021576881,0.98759365,0.5837731
0.0023106635,0.98473203,0.24963292
0.086408496,0.7806686,0.32473445
0.8875932,0.14568275,0.5658376
0.92504406,0.13732067,0.52381086
0.92782784,0.16761672,0.29606
0.9320735,0.16353291,0.29137027
0.9290656,0.16495097,0.29037622
0.9184692,0.15421188,0.4138567
0.90066755,0.1612443,0.4592275
0.8839482,0.14636558,0.548353
0.89015055,0.13241318,0.6000253
0.21028098,0.596013,0.38036406
0.0022630692,0.9834116,0.17180425
0.0022816658,0.9862269,0.40625048
0.0018191338,0.98954034,0.75072944
0.0018125474,0.98980385,0.76632434
0.0022657216,0.98731816,0.51308924
0.002314955,0.9846416,0.22475284
0.21425241,0.6165552,0.41086024
0.88335544,0.15184894,0.5491839
0.9180763,0.15139258,0.48167118
0.9305053,0.16464013,0.3002866
0.93476015,0.16028851,0.29577595
0.93067986,0.16489297,0.29400986
0.9205175,0.16919732,0.3491604
0.91268593,0.14939529,0.49114084
0.8797609,0.15155327,0.5327127
0.8895964,0.13597232,0.5907436
0.4657281,0.38549727,0.47559613
0.0022594333,0.9832346,0.15495321
0.0023137033,0.9859171,0.37272468
0.0019750893,0.9888632,0.7017313
0.0019759536,0.9890994,0.71904427
0.0022990406,0.98699987,0.46347263
0.002352327,0.9842218,0.19994253
0.47456264,0.40569377,0.505698
0.88114285,0.15453604,0.537879
0.91706204,0.1611625,0.43161798
0.93279123,0.16221201,0.2999368
0.937282,0.15714857,0.29041672
0.93275416,0.16272122,0.29296082
0.9247961,0.17151749,0.31151968
0.91855407,0.14149392,0.5069094
0.8691802,0.15939921,0.52441835
0.8913598,0.13564068,0.58835626
0.7309109,0.21385902,0.56120723
0.0022986531,0.9824989,0.14799106
0.0023219287,0.985492,0.33892077
0.0020189583,0.9884132,0.6636127
0.002017796,0.9886515,0.68183476
0.002313912,0.98658776,0.4282669
0.0023325384,0.9838487,0.18020737
0.72245455,0.23790026,0.5725224
0.88069725,0.15446824,0.53380203
0.9180611,0.16414356,0.4092973
0.93413043,0.1609847,0.29623556
0.93927574,0.15445796,0.2785784
0.9339451,0.16165793,0.28924757
0.92742366,0.16842121,0.2981522
0.9206429,0.13738227,0.50965095
0.8631798,0.1628781,0.521476
0.89197725,0.13455296,0.5883317
0.8296135,0.15328616,0.60367495
0.0023313165,0.9818524,0.14276847
0.0023211837,0.98517525,0.31736034
0.0020269752,0.9881264,0.64103794
0.0020244122,0.9883746,0.6601477
0.0023102462,0.98630357,0.40520614
0.0023052692,0.9836112,0.16791546
0.8112834,0.18200514,0.6015729
0.88069886,0.15366083,0.5331614
0.9183184,0.16387689,0.40100706
0.934836,0.16046292,0.29226655
0.9404431,0.15184772,0.27651852
0.9350347,0.15949777,0.28478616
0.92853606,0.16603908,0.29302976
0.9207872,0.13532954,0.507834
0.8618534,0.16275632,0.5205834
0.89249647,0.13360715,0.5891375
0.8651856,0.13073748,0.6208867
0.0023657084,0.98121905,0.13831323
0.0023175478,0.9848966,0.30028856
0.0020231307,0.9878962,0.6240274
0.002020359,0.9881501,0.6436322
0.0023064613,0.9860486,0.3863762
0.002282679,0.98336893,0.15955287
0.84947544,0.1553039,0.61280155
0.88033175,0.15291184,0.5328965
0.9187435,0.1615786,0.39730453
0.9353128,0.16019106,0.2883402
0.94123673,0.14954478,0.27744782
0.9359281,0.15746647,0.2803597
0.9295063,0.16395259,0.2885514
0.92017126,0.1339857,0.5046407
0.86282635,0.16092479,0.52064085
0.89258456,0.13272154,0.58986735
0.8722327,0.12595153,0.6315964
0.0024569333,0.9802735,0.13562298
0.0023097098,0.9846661,0.28707397
0.0020109713,0.9877206,0.6121474
0.00200814,0.9879793,0.6321169
0.0023010373,0.9858321,0.3717015
0.002275467,0.9830814,0.15394509
0.865407,0.14308244,0.61864173
0.8802638,0.1519208,0.5336129
0.91900706,0.15866789,0.39796728
0.9359216,0.1587613,0.284217
0.94196886,0.14671364,0.27898157
0.9366652,0.15550447,0.27625608
0.9303018,0.16223451,0.28487515
0.91888666,0.13337827,0.5002952
0.86583936,0.15769136,0.5216342
0.89265627,0.13175374,0.59101355
0.87570024,0.1231446,0.64043677
0.0025833845,0.97918445,0.13423169
0.002303332,0.9844744,0.277511
0.0019932091,0.9875996,0.60518557
0.0019904077,0.9878619,0.6253609
0.0022948086,0.98565865,0.36103922
0.002265513,0.98286355,0.1492481
0.87450486,0.1355887,0.6256239
0.8804219,0.15081447,0.53501254
0.9191419,0.1555388,0.4016458
0.9364566,0.15715426,0.28039935
0.9424809,0.14431036,0.28077406
0.93731606,0.15326703,0.27399394
0.93008256,0.16076481,0.28620204
0.9172641,0.13329124,0.49543762
0.8696923,0.15396047,0.5230737
0.89275503,0.13078794,0.5923712
0.8781231,0.12076911,0.64681536
0.0026907325,0.9782865,0.1325872
0.002298057,0.98431706,0.2705391
0.0019735396,0.9875173,0.6014116
0.001970917,0.98778176,0.6216829
0.0022884607,0.9855205,0.35322344
0.0022608936,0.9826602,0.14561695
0.8769645,0.13312829,0.6333763
0.8806915,0.14971939,0.5366913
0.9191978,0.15250456,0.40678596
0.9369073,0.15563756,0.27714399
0.9427786,0.14251918,0.28270036
0.9378935,0.15091905,0.27332374
0.9293587,0.15939084,0.29021198
0.9154898,0.13353854,0.4905033
0.8738241,0.15013772,0.524728
0.89271945,0.1299485,0.59367263
0.8797909,0.11878103,0.6513441
0.0028468668,0.97718716,0.13189638
0.002293229,0.98419154,0.26552793
0.00195387,0.9874636,0.59986323
0.0019515157,0.9877292,0.62013173
0.0022824705,0.98541087,0.34752274
0.0022590756,0.9824839,0.1427139
0.87872493,0.13116634,0.6400793
0.881008,0.14869848,0.53842837
0.9189421,0.1500845,0.41164786
0.9373297,0.15388596,0.2756606
0.94293594,0.14118472,0.28458896
0.938329,0.14903659,0.2725147
0.92851424,0.15824747,0.294761
0.91372675,0.1339603,0.48584056
0.8752244,0.14801034,0.5262002
0.892666,0.12920702,0.5949056
0.8809918,0.11710277,0.65463716
0.0030284226,0.97607136,0.13128835
0.0022875369,0.9840977,0.261996
0.0019354522,0.9874307,0.5997313
0.0019333959,0.9876966,0.6199406
0.0022770464,0.98532546,0.3434251
0.0022587776,0.9823569,0.1400789
0.8800522,0.12956864,0.6458787
0.8813294,0.14779028,0.5400804
0.9186598,0.1479963,0.4164269
0.9376794,0.15229648,0.2748492
0.9430062,0.14019239,0.28632474
0.93865675,0.14754075,0.27168941
0.9276631,0.1573106,0.29928136
0.9121299,0.13442478,0.4815993
0.8756596,0.14675379,0.5276034
0.8926334,0.1285587,0.59603256
0.88179606,0.11574116,0.6569465
0.003187418,0.9751252,0.13072217
0.0022825897,0.98402464,0.2594663
0.0019191206,0.9874108,0.60034025
0.0019173324,0.98767674,0.6204752
0.0022689998,0.9852668,0.3438729
0.002252251,0.98233163,0.13810658
0.88038886,0.12841648,0.65205204
0.8820054,0.14666826,0.54284126
0.9179657,0.14561561,0.42613313
0.93762445,0.15170273,0.27286005
0.94250894,0.14050108,0.28896087
0.9385855,0.14702508,0.26972038
0.9266362,0.15538755,0.30910766
0.9097581,0.13594848,0.47576344
0.8762575,0.14581275,0.530341
0.8927256,0.12779042,0.59778583
0.88110006,0.11475736,0.65532076
0.003152877,0.97526777,0.12940788
0.0022767186,0.98402786,0.261466
0.0018971264,0.98747,0.60760146
0.0018956363,0.98773515,0.6276113
0.0022586882,0.98525584,0.35006344
0.0022536218,0.98227674,0.13788527
0.8807335,0.12746143,0.653316
0.8822366,0.14610666,0.54396737
0.9177862,0.1444242,0.4290943
0.9378312,0.15078813,0.27242917
0.9426428,0.13975596,0.28924763
0.9388008,0.1461209,0.26936364
0.92676175,0.1541053,0.31111333
0.90908945,0.13603106,0.47350466
0.8764733,0.14509782,0.53095067
0.8926592,0.1274578,0.59864473
0.881585,0.11404151,0.656856
0.0032680035,0.97459507,0.12920111
0.0022741556,0.9839779,0.25949562
0.0018892288,0.9874486,0.60703915
0.0018878877,0.98771375,0.6269971
0.0022540987,0.98520696,0.34962174
0.002257228,0.9821824,0.13688236
0.8813964,0.12665027,0.6551272
0.8822826,0.1457442,0.5445934
0.9176843,0.14348978,0.43098083
0.93802434,0.1499756,0.27212724
0.9428152,0.13901004,0.2889127
0.9389798,0.14535856,0.269036
0.92685777,0.15297014,0.31305677
0.90846586,0.13615084,0.47144952
0.8766749,0.14448315,0.5315613
0.8924753,0.12716755,0.60076463
0.88193774,0.11342347,0.6580012
0.00336802,0.9739513,0.128865
0.0022718012,0.9839382,0.25803587
0.0018838644,0.9874239,0.60742605
0.0018805265,0.9876998,0.62689877
0.0022498071,0.9851676,0.3496893
0.002260983,0.9820992,0.13617355
0.8818914,0.12594852,0.6564908
0.882348,0.14540595,0.54522604
0.91756815,0.14264065,0.43296474
0.9381728,0.14931,0.2717895
0.94294596,0.13840306,0.28854173
0.93911505,0.14473963,0.26867545
0.9269213,0.15191972,0.31512612
0.9078665,0.13632038,0.4695289
0.8768611,0.14395916,0.5321804
0.89231515,0.12690485,0.6027058
0.8821714,0.112895966,0.6587957
0.003430605,0.97352713,0.12847272
0.0022696853,0.9839078,0.25703388
0.0018811524,0.9873948,0.6086707
0.0018737316,0.9876924,0.6272217
0.0022458732,0.9851377,0.35019767
0.0022640228,0.9820341,0.13570887
0.88222206,0.12536407,0.65740824
0.8824338,0.14509717,0.5458541
0.91744053,0.14189422,0.43500412
0.9382735,0.1488058,0.27142328
0.9430343,0.13794333,0.28814876
0.93920624,0.14427122,0.2682978
0.9269602,0.15095007,0.31729752
0.90730804,0.13652903,0.4677922
0.8770311,0.14353049,0.53279305
0.8921827,0.12667295,0.6044371
0.8822845,0.11246508,0.6592449
0.0034705698,0.9732518,0.12811348
0.0022678077,0.9838865,0.25644785
0.0018784404,0.98737514,0.6101229
0.0018675923,0.98769104,0.6279088
0.0022423863,0.9851166,0.35105282
0.0022663772,0.9819858,0.13545245
0.8824153,0.12489134,0.6579536
0.88253,0.1448237,0.54645056
0.91731,0.14125398,0.4369918
0.9383366,0.14843562,0.27105597
0.943089,0.13760692,0.2877604
0.9392623,0.14393002,0.2679263
0.92697203,0.1501202,0.31936955
0.90680695,0.13675272,0.46627203
0.8771793,0.14318907,0.5333628
0.8920758,0.12647533,0.60592544
0.88221127,0.112148285,0.6593404
0.0034923553,0.97309625,0.1277973
0.0022661984,0.983873,0.25620094
0.0018758476,0.9873634,0.6116547
0.0018622577,0.9876941,0.6288271
0.002239436,0.9851035,0.35214055
0.0022680461,0.98195374,0.13537705
0.8824816,0.12453586,0.6581522
0.88263094,0.14459345,0.54699224
0.9171823,0.14073735,0.43885294
0.9383599,0.14821166,0.2706964
0.94310725,0.13740698,0.2873831
0.9392792,0.143731,0.2675662
0.9269533,0.14945126,0.3213145
0.9063735,0.13699764,0.46500468
0.87730336,0.14295453,0.5338917
0.88916093,0.12585378,0.6186812
0.75157845,0.15778172,0.5457373
0.0016265512,0.98590815,0.1899465
0.00395298,0.9774006,0.7656885
0.006234318,0.9537152,0.7639148
0.008128554,0.94107366,0.69930375
0.008081168,0.94223815,0.6843539
0.006452441,0.9520791,0.6883534
0.004660547,0.9655454,0.7297929
0.0028951764,0.9768518,0.70587415
0.0008267462,0.991409,0.4337755
0.00078222156,0.9892926,0.1811052
0.0019043088,0.9725294,0.2542942
0.036111653,0.80133706,0.48263115
0.22098482,0.4731717,0.5835579
0.51486,0.19652721,0.6513307
0.47896653,0.18887964,0.71782357
0.38301778,0.24531949,0.72141415
0.19767785,0.44814885,0.7150886
0.04041037,0.78874254,0.740528
0.002200216,0.9719148,0.4389307
0.0015356839,0.9839205,0.26515788
0.001445055,0.9852078,0.18816009
0.0017265975,0.9844142,0.14464384
0.0016065836,0.98708636,0.11328596
0.0013686419,0.99056065,0.08581063
0.0012686849,0.9925202,0.07537657
0.0010381043,0.99431187,0.07622504
0.00089231133,0.9940765,0.1220344
0.00094002485,0.99059236,0.33452764
0.00048077106,0.992574,0.6300138
0.01220715,0.9479381,0.7118995
0.060242444,0.90465903,0.5475804
0.0114557445,0.9646342,0.67696464
0.0033956468,0.98031294,0.74735576
0.0013293028,0.98685944,0.81151414
0.0006458461,0.990311,0.8501345
0.00057706237,0.99073446,0.8356306
0.00066384673,0.9936376,0.82062596
0.00091832876,0.995744,0.86929953
0.0016740263,0.99610186,0.89693993
0.003282249,0.99543023,0.9396516
0.0011916459,0.9967396,0.9505124
0.00020179152,0.9978668,0.9517813
0.00024414062,0.99677515,0.9592501
0.00063437223,0.9937118,0.9651788
0.0016984642,0.98906577,0.9750806
0.0040970445,0.9823396,0.9797486
0.008495659,0.97416055,0.9795035
0.014522314,0.96548164,0.9788053
0.015791297,0.9642681,0.9817039
0.012959659,0.9683801,0.9838135
0.008574635,0.9782494,0.99105763
0.0059473813,0.9855833,0.99516094
0.0043073,0.98804814,0.9957024
0.0045624077,0.98560303,0.9960344
0.0037183762,0.98731595,0.99597734
0.0036741793,0.9881022,0.99602044
0.004465699,0.98755527,0.99652696
0.0044053793,0.9901148,0.99645996
0.005557418,0.9902081,0.9961896
0.0050480366,0.99095976,0.9957404
0.0055799186,0.9910848,0.99631953
0.0054469407,0.9872556,0.9953658
0.0052110553,0.984838,0.9911288
0.0021267533,0.98949236,0.98797214
0.0018772483,0.98946,0.98559976
0.0017799735,0.98932356,0.98367345
0.0017472506,0.9892696,0.9823089
0.0019736588,0.98826534,0.9810144
0.0027529001,0.9853637,0.9795152
0.0037549734,0.9820565,0.97813046
0.0050195158,0.9780629,0.9768813
0.0066430867,0.9706577,0.9769751
0.011357129,0.9541594,0.97604966
0.019296706,0.93218875,0.9731854
0.033290356,0.9010502,0.9684912
0.053889066,0.8627129,0.95984715
