u,du,Cur_acc,q,ru,rdu
3.0,30.0,7.41562263921758e-07,0.8910861,0.85606855,0.027739637
3.0,0.0,-8.315097055611266e-07,0.09487785,0.91051555,0.38442808
3.0,0.0,1.03916751835893e-06,0.09837561,0.9087497,0.38616523
3.0,0.0,-2.4352968510897256e-08,0.09818991,0.9088425,0.38607538
3.0,0.0,-9.00372750941957e-08,0.09831345,0.9087805,0.38613597
3.0,0.0,-3.0005955367021775e-07,0.09840704,0.90873414,0.38618103
3.0,0.0,3.186476405601575e-07,0.09846233,0.9087065,0.38620865
3.0,0.0,-1.0591046000092986e-07,0.0984936,0.908691,0.38622358
3.0,0.0,-4.338245897566173e-08,0.0985108,0.9086818,0.38623303
3.0,0.0,9.41343561561971e-09,0.09851974,0.9086778,0.38623655
3.0,0.0,-6.569196708824937e-09,0.09852564,0.9086746,0.38623962
3.0,0.0,3.459305632270633e-08,0.09852738,0.90867376,0.38624066
3.0,0.0,-6.895518906538793e-09,0.09852877,0.9086727,0.38623998
3.0,0.0,-2.4074343983274198e-08,0.09853025,0.9086721,0.3862418
3.0,0.0,1.5693193615614846e-07,0.098531365,0.9086713,0.38624278
3.0,0.0,4.61531414376643e-09,0.09853172,0.90867084,0.3862428
3.0,0.0,-1.2621317716159713e-07,0.09853216,0.90867084,0.3862428
3.0,0.0,-2.8220599167461212e-08,0.09853216,0.9086712,0.3862428
3.0,0.0,1.6655368165058188e-09,0.09853225,0.90867096,0.38624284
3.0,0.0,2.9120640415029026e-09,0.09853225,0.90867096,0.38624284
3.0,0.0,1.56603745471139e-08,0.09853225,0.90867096,0.38624284
3.0,0.0,1.3880738011198774e-07,0.09853225,0.90867096,0.38624284
3.0,0.0,-1.5016759232549737e-07,0.09853225,0.90867096,0.38624284
3.0,0.0,-1.924600678696245e-08,0.09853225,0.90867096,0.38624284
3.0,0.0,10.962208074244735,0.09853225,0.90867096,0.38624284
2.9999999999999996,-4.440892098500626e-15,14.125744607431388,0.012280977,0.84806436,0.62556314
3.0000000000000506,5.10702591327572e-13,10.751034550716028,0.010295278,0.40924007,0.9045385
3.000000000000002,-4.840572387365683e-13,5.703879872757079,0.010254474,0.08577273,0.973832
3.0,-2.220446049250313e-14,1.8893797506095422,0.014211502,0.02336707,0.98229736
3.0,0.0,0.841660212223815,0.028230352,0.024184044,0.9799787
3.0,0.0,2.042760443718474,0.045201726,0.08842154,0.9625724
3.0,0.0,2.5736482872899855,0.10924933,0.57627743,0.9129382
3.0,0.0,1.6385306846172878,0.751388,0.4821318,0.9653688
3.0,0.0,1.3862755718871502,0.7689248,0.41709334,0.96198845
3.0,0.0,2.117828152275283,0.74911207,0.38540155,0.97093046
3.0,0.0,2.1379562919361894,0.5639639,0.37752035,0.965967
3.0,0.0,1.8956035294379676,0.51725984,0.31873894,0.96861476
3.0,0.0,2.253531313393701,0.70301616,0.22024915,0.96883214
3.0,0.0,2.475678016998905,0.67139316,0.16897133,0.9193146
3.0,0.0,2.244645434038179,0.4071373,0.09665224,0.9493193
3.0,0.0,2.17720042785303,0.38979366,0.080924086,0.9392746
3.0,0.0,2.2994338396097187,0.31612173,0.07025536,0.92818993
3.0,0.0,2.2517179075549,0.29109052,0.06959169,0.9133473
3.0,0.0,2.1500071288315508,0.2821736,0.072245955,0.89550436
3.0,0.0,2.1602880290547106,0.29832768,0.103821844,0.8549068
3.0,0.0,2.1687271524114133,0.40362978,0.14384168,0.80105007
3.0,0.0,2.1258694304782284,0.34142166,0.09347111,0.86858124
3.0,0.0,2.1063141120398137,0.3828277,0.06975934,0.90104896
3.0,0.0,2.1100150958243593,0.4306596,0.06706931,0.91307867
3.0,0.0,2.099518356766733,0.4403834,0.06764694,0.9066537
3.0,0.0,2.083484992266679,0.52153546,0.14209294,0.80814755
3.0,0.0,2.075758991638517,0.79447216,0.44879285,0.5302868
3.0,0.0,2.0688658664166413,0.9010393,0.7132679,0.3211057
3.0,0.0,2.0582251050072977,0.9082391,0.7556495,0.2737669
3.0,0.0,2.047539384881813,0.9185751,0.7742963,0.26561964
3.0,0.0,2.037903168586835,0.92703426,0.79551363,0.25042278
3.0,0.0,2.0282674092123836,0.9279253,0.84939075,0.17210208
3.0,0.0,2.0182359893733333,0.9257951,0.8833977,0.12113281
3.0,0.0,2.0083151190528032,0.94947225,0.8837623,0.18051197
3.0,0.0,1.9986215862319647,0.95947605,0.8823837,0.3214892
3.0,0.0,1.9887280580550706,0.9611608,0.89751714,0.31830972
3.0,0.0,1.9795820593840237,0.9388036,0.8955673,0.3520727
3.0,0.0,1.970764340088202,0.9028993,0.83382386,0.34690726
3.0,0.0,1.9613055332759433,0.8490175,0.7400703,0.33938268
3.0,0.0,1.952089449140609,0.74926466,0.63943887,0.35169134
3.0,0.0,1.9437737460407178,0.57813054,0.56218666,0.39381358
3.0,0.0,1.9352941976184612,0.6563358,0.61703855,0.36955875
3.0,0.0,1.9265188013492258,0.75325906,0.6832265,0.33830076
3.0,0.0,1.9182163064736049,0.8130171,0.7302459,0.3152795
3.0,0.0,1.9101217898706895,0.79455537,0.7249849,0.32032833
3.0,0.0,1.9021448582943927,0.7161864,0.7612518,0.19489399
3.0,0.0,1.8942855805776104,0.7049403,0.88696957,0.09089306
3.0,0.0,1.8864872120266258,0.8643535,0.9770525,0.093355075
3.0,0.0,1.8786001907607766,0.93806404,0.99446696,0.074770436
3.0,0.0,1.871304732977246,0.958868,0.99746096,0.052393988
3.0,0.0,1.8639641518772654,0.97159517,0.9987707,0.03739315
3.0,0.0,1.856308978624961,0.988512,0.99977165,0.024257097
3.0,0.0,1.8495468169660332,0.9946359,0.9997727,0.024276923
3.0,0.0,1.8426115115356199,0.84796727,0.9784418,0.052339263
3.0,0.0,1.835142323762827,0.76983553,0.5698756,0.07989675
3.0,0.0,1.8285158211130068,0.6892436,0.39902344,0.06625349
3.0,0.0,1.8221560015885458,0.6597528,0.1389466,0.057109393
3.0,0.0,1.8150635768304637,0.7424398,0.06488195,0.11681483
3.0,0.0,1.8088636010147061,0.84945065,0.03194341,0.2727213
3.0,0.0,1.8025394761203912,0.84592927,0.0291323,0.41501638
3.0,0.0,1.7957620150006783,0.9492443,0.024911532,0.42034873
3.0,0.0,1.78972214187988,0.9673215,0.02429144,0.15885901
3.0,0.0,1.7840384426395264,0.9709169,0.025267117,0.04930979
3.0,0.0,1.777757424293443,0.96419585,0.021616373,0.01810601
3.0,0.0,1.7715554162091083,0.9600743,0.016896836,0.016295657
3.0,0.0,1.7659541019575211,0.9451773,0.014747714,0.036385164
3.0,0.0,1.7602903707535962,0.85956675,0.014354628,0.13425164
2.603372998312842,-3.9662700168715803,1.7544262351229118,0.31680766,0.016804606,0.28836516
1.8650248454456073,-7.3834815286723465,1.5484374899348452,0.087460406,0.02451529,0.39281964
-1.1349751545543927,-30.0,0.9091076455978868,0.039218314,0.050445378,0.3406583
-2.3285432847888528,-11.9356813023446,-0.40584464041157364,0.022780288,0.13358548,0.24122635
-1.8317962070428297,4.96747077746023,-2.498098555779763,0.02001845,0.23477025,0.12954718
-1.8820035337336876,-0.5020732669085781,-3.4981944860797194,0.022421192,0.2295598,0.09672936
-2.1195867595128046,-2.3758322577911706,-2.6336335060186977,0.027033363,0.19868189,0.083245456
-2.351383853050622,-2.317970935378173,-1.4128259457332875,0.03162674,0.18461052,0.06668209
-2.4034775447466963,-0.5209369169607436,-1.9215173832781756,0.03470625,0.19147174,0.047807135
-2.4219676793413716,-0.184901345946753,-2.835762836995338,0.040604956,0.17933238,0.03720308
-2.46655549651206,-0.4458781717068838,-2.561205711961202,0.05153627,0.14455605,0.032505907
-2.4317962563461917,0.3475924016586829,-2.049727203781743,0.06988281,0.11918706,0.027852314
-2.1847440519404606,2.4705220440573106,-2.2517884687770864,0.10980056,0.103729814,0.022776984
-1.680773246227664,5.039708057127965,-2.36434108680219,0.1752674,0.08699598,0.019760583
-1.3414071630369793,3.3936608319068484,-1.7405234566686887,0.23704185,0.07463919,0.021432592
-1.3383405442968335,0.03066618740145799,-1.1559857469713024,0.2888583,0.07000233,0.02535398
-1.469663823487013,-1.313232791901795,-1.3443516111767095,0.32343692,0.06943532,0.027575534
-1.399018008237978,0.7064581524903502,-1.6946147833879452,0.41052008,0.068719424,0.033222422
-1.284406858114078,1.146111501239,-1.564769536727351,0.55713075,0.06610644,0.046601117
-1.3961799051265278,-1.1177304701244983,-1.236979687498057,0.6836583,0.064859025,0.06347226
-1.5935111333645593,-1.973312282380315,-1.3266692229887398,0.77366066,0.066742435,0.08075777
-2.034593168553604,-4.410820351890448,-1.6575209443301437,0.8111062,0.07132304,0.09020286
-2.3466923163445585,-3.120991477909545,-1.886009833555093,0.8582504,0.07238956,0.10909169
-2.5736637221856173,-2.269714058410588,-2.089418172429382,0.8784077,0.084142976,0.15218341
-2.652877571555108,-0.792138493694905,-2.2385990359722214,0.8901401,0.10335863,0.2274893
-2.477133667734413,1.7574390382069494,-2.2851411182681285,0.90987706,0.15756823,0.3451347
-1.9700220313094088,5.071116364250041,-2.118408400810996,0.85125613,0.19848232,0.2609004
-1.6768655922558102,2.9315643905359856,-1.7043879420863248,0.7207175,0.227863,0.35540345
-1.4652099006264172,2.11655691629393,-1.3979666008630853,0.7397006,0.36345217,0.45214882
-1.3958452605221137,0.6936464010430354,-1.3675177095247995,0.7496812,0.4203429,0.54219854
-1.4413458614660994,-0.4550060094398578,-1.3336195157353998,0.79156756,0.34383512,0.5563854
-1.4518091459288882,-0.10463284462788769,-1.3084124120742398,0.83397216,0.29458913,0.5212861
-1.446728677456697,0.05080468472191235,-1.339386115527348,0.8602161,0.22628886,0.33928037
-1.6416889032859925,-1.949602258292955,-1.317087111896099,0.9093281,0.09948187,0.17191456
-1.8562206918189037,-2.145317885329112,-1.3911343968411618,0.93090934,0.03564431,0.08263341
-1.5071448186401875,3.4907587317871624,-1.6051575087521828,0.9334193,0.028855223,0.11778086
-1.023949881984664,4.831949366555235,-1.4826321442124601,0.8968745,0.02801733,0.28727913
-0.6387012431514256,3.8524863883323834,-0.8087577363066725,0.85560846,0.047792293,0.8161975
-0.5352234095123397,1.0347783363908591,-0.4801679712204123,0.81096625,0.056581415,0.89552927
-0.3191731477271119,2.160502617852278,-0.6396910672099947,0.82407045,0.0743081,0.90880775
-0.09187266801222727,2.2730047971488463,-0.5815189647789512,0.9343298,0.21195605,0.92665386
-0.037978657586849124,0.5389401042537814,-0.16232400982203926,0.9364682,0.2963878,0.911391
-0.0020470725934939385,0.3593158499335518,-0.11338221342254075,0.9263825,0.2954481,0.9078228
0.0768806533181054,0.7892772591159932,-0.30876584011349434,0.91264296,0.2970678,0.90216255
0.1322427312542106,0.553620779361052,-0.18411999438538862,0.8472368,0.26203927,0.86637056
0.15217308514888667,0.19930353894676067,0.008073782898485914,0.79210573,0.23496686,0.8438286
0.18859950939934966,0.36426424250462996,-0.06781478477994936,0.7856985,0.24007261,0.84773767
0.23543053968730954,0.46831030287959874,-0.10950081050944807,0.7592151,0.22388874,0.8400348
0.2632391687210231,0.2780862903371356,0.010687278620805409,0.7383271,0.19378783,0.82386017
0.2749609516960124,0.11721782974989325,0.04634503853816266,0.72527593,0.20086701,0.82990026
0.2932159493113022,0.1825499761528976,-0.00769963910677522,0.7160651,0.22175778,0.84258586
0.3119872730636991,0.1877132375239693,0.01057497089941724,0.7047766,0.22412953,0.8450919
0.31778082138083535,0.057935483171362434,0.06017959724058356,0.69896847,0.23223332,0.8507596
0.32045788273823594,0.026770613574005897,0.050075461267152045,0.7092728,0.25643402,0.8639267
0.14503461337733245,-1.7542326936090349,0.03122031397800172,0.8234239,0.5988711,0.9179965
0.20666510302218033,0.6163048964484787,-0.0687381499666335,0.8174799,0.5469064,0.9175901
0.31008491587579107,1.0341981285361073,-0.10375575292731858,0.76577777,0.3841632,0.8985719
0.3891357919686388,0.7905087609284772,0.08011041836766071,0.66123056,0.24526979,0.8612885
0.404123466442646,0.1498767447400723,0.15597267393120587,0.6506027,0.2298247,0.8576939
0.3864408977469794,-0.17682568695666645,0.08165258339422428,0.6989439,0.29123828,0.8782714
0.3686176726453869,-0.17823225101592455,0.06544392002022635,0.73184615,0.34321767,0.8915553
0.3446310414909364,-0.23986631154450544,0.0915435292311447,0.76255965,0.39902633,0.9046756
0.32935908511603185,-0.15271956374904527,0.05871770792231482,0.79019743,0.4590804,0.9155259
0.3264452468862926,-0.029138382297392296,0.032494154683045166,0.79362065,0.4900861,0.9177037
0.32667412284033726,0.0022887595404463834,0.04721709403665819,0.7930712,0.503881,0.91857535
0.3253003600921078,-0.01373762748229479,0.05606034134986168,0.7941298,0.52095896,0.91983783
0.3205495024409953,-0.047508576511124945,0.045629293507128556,0.7973045,0.54862595,0.9217249
0.3145695614633452,-0.05979940977650089,0.03795940336357205,0.7988181,0.57546544,0.92296815
0.31122576506429855,-0.03343796399046639,0.03726436423795904,0.79896355,0.5949719,0.92372507
0.3082990159124071,-0.0292674915189145,0.034528301568996576,0.7993065,0.61257,0.9244489
0.3056090375234577,-0.0268997838894941,0.030777006437204588,0.79977554,0.628619,0.9251227
0.304504394878007,-0.01104642645450682,0.02871144070472161,0.799892,0.6411557,0.92566913
0.30517948307979503,0.006750882017880211,0.026036506505603477,0.7983381,0.6474169,0.9270461
0.306388500202784,0.012090171229889868,0.025379823895131947,0.79628414,0.6507629,0.9283086
0.3067354747777757,0.003469745749916653,0.02985198882389887,0.79434955,0.65394205,0.92951995
0.30614992535061003,-0.005855494271656547,0.03177738751326081,0.7924717,0.65764934,0.9310889
0.305786574472837,-0.0036335087777300545,0.02799933466430183,0.7906999,0.66150343,0.9327886
0.3057892428247055,2.6683518684622598e-05,0.026660124543311757,0.7888355,0.6649803,0.93418556
0.30544012352121747,-0.0034911930348802134,0.02973206127675825,0.78729564,0.66731554,0.93537325
0.3061812199159584,0.007410963947409588,0.02808919837289096,0.7868878,0.66603875,0.9364199
0.30666041008020617,0.004791901642477447,0.026787094960893567,0.78650165,0.6647746,0.93739635
0.3065498411446817,-0.0011056893552446878,0.028860978407531986,0.78620815,0.6634084,0.9383318
0.3065359000951924,-0.00013941049489318846,0.027601984399632684,0.78617823,0.6614326,0.9393405
0.30626595069179596,-0.0026994940339641893,0.026610795503267486,0.78620225,0.6594203,0.940305
0.30123489153838917,-0.05031059153406792,0.027306361841259764,0.7872837,0.65632355,0.9423449
0.3010400666775582,-0.0019482486083094441,0.012621819079655223,0.7920154,0.65225315,0.94452614
0.303068928420007,0.02028861742448762,-0.00028530219039597945,0.7929078,0.6508518,0.9453205
0.2990238589340239,-0.04045069485983099,0.02389416444917275,0.7925501,0.65136236,0.94573706
0.2991759895990222,0.0015213066499830674,0.016075549243165007,0.7964986,0.645423,0.94704765
0.30131747058614955,0.021414809871273532,0.004070944209416301,0.79859686,0.6421808,0.9478267
0.30030013399137107,-0.01017336594778484,0.015468961673836698,0.7980803,0.64289993,0.9479766
0.2990262343172717,-0.012738996740993547,0.01887076629697776,0.8004455,0.63923687,0.9489519
0.29840601080819823,-0.006202235090734809,0.009076553717442011,0.8038748,0.6338755,0.9503274
0.297379441980601,-0.010265688275972185,0.00915323030116065,0.80536,0.631513,0.9509661
0.2962604736805262,-0.011189683000747963,0.013144187296106296,0.8069549,0.6289578,0.95152587
0.2956401863600708,-0.006202873204554371,0.010522149543482757,0.8093896,0.6250234,0.95225817
0.2954493787952738,-0.00190807564797002,0.008899508057087276,0.8111077,0.62220085,0.95276767
0.29510329459606166,-0.0034608419921211553,0.010655541822619735,0.81238234,0.62007785,0.953129
0.29502641330960067,-0.0007688128646099468,0.010161120706874773,0.8137828,0.6177225,0.95351434
0.2927699430517406,-0.02256470257860077,0.008733472200323486,0.81637305,0.61341435,0.95449114
0.2912081377043025,-0.015618053474381055,0.00778732553191917,0.8184697,0.609877,0.95521396
0.2908206200572656,-0.003875176470368724,0.006085335890703547,0.8199149,0.60739505,0.95560443
0.2895282841940503,-0.012923358632153104,0.00578338346095858,0.8218857,0.6049694,0.9560033
0.2925519992053372,0.030237150112868982,-0.022307411376434206,0.8238361,0.6032078,0.9562076
0.29074121950184434,-0.018107797034928597,-0.006287776000570711,0.8196262,0.60798395,0.95553195
0.2874487752798851,-0.03292444221959234,0.013509252901253543,0.81894577,0.60918,0.9552469
0.2910620192618466,0.036132439819615,-0.019746363780635663,0.8226216,0.6038839,0.9559366
0.2890802797513103,-0.019817395105363178,-0.010221031609925817,0.82035315,0.60726243,0.9557398
0.2863080256213293,-0.02772254129981,0.007170515657053474,0.8189308,0.6093715,0.95561373
0.2878551082479107,0.015470826265814308,-0.008322610701706696,0.8211414,0.607555,0.9558881
0.28927897838918826,0.01423870141277539,-0.020098255391075834,0.82013494,0.60885227,0.9557825
0.28940317819790845,0.0012419980872019343,-0.016693689789671267,0.8165297,0.61354256,0.95517933
0.28776337406950253,-0.016398041284059195,-0.0012271249553410816,0.81389475,0.61798674,0.954523
0.28963056485185057,0.018671907823480383,-0.012750398148837905,0.81382143,0.61811817,0.95443535
0.2893488595035354,-0.0028170534831517546,-0.016531540160528622,0.8130779,0.61943877,0.9545303
0.28769995058558556,-0.016489089179498317,-0.005779033583522082,0.810855,0.62314445,0.9542721
0.2885667682383308,0.00866817652745211,-0.00856899333995126,0.8097516,0.6249422,0.95413536
0.2894685268274126,0.009017585890818136,-0.014439252278639183,0.8086057,0.62682307,0.95402277
0.2918752270194681,0.02406700192055522,-0.026908302644837116,0.8062312,0.6306522,0.9535609
0.2912378245737068,-0.006374024457613259,-0.012788772605887368,0.80155724,0.6380291,0.9524889
0.2907399555822234,-0.004978689914834078,-0.0037038295516066528,0.799193,0.64167994,0.9519321
0.2938879246667258,0.03147969084502433,-0.0247824179604443,0.7990504,0.64192635,0.9520543
0.29261105488985073,-0.01276869776875078,-0.014179417660886233,0.79537624,0.64755094,0.951612
0.29185396182048123,-0.007570930693694966,-0.004099773268126448,0.79267186,0.65157926,0.9512838
0.29417570974127477,0.023217479207935376,-0.015429654812545605,0.79159594,0.65315133,0.9512686
0.29601882603235913,0.018431162910843568,-0.02257185940443183,0.7887512,0.6573084,0.9508317
0.29765023342771435,0.01631407395355222,-0.02334328014390843,0.7841639,0.6638604,0.9499399
0.29708083223310516,-0.00569401194609187,-0.0068625058858492365,0.77923524,0.67071944,0.94891846
0.29959192344680063,0.02511091213695471,-0.01514794258977466,0.7772913,0.67335343,0.9485771
0.30009410885467047,0.005021854078698373,-0.01913249510123781,0.7751599,0.6762796,0.9486129
0.2994925859395621,-0.0060152291510839895,-0.008764009266802198,0.7712975,0.681427,0.94823486
0.3010332076385257,0.01540621698963629,-0.010078135654650244,0.76864374,0.68486387,0.94796383
0.30249112570528014,0.014579180667544378,-0.014911392690986245,0.76625186,0.6879413,0.9478087
0.30556002892368667,0.030689032184065268,-0.026706721164837854,0.7625441,0.6926351,0.94727665
0.30605583338694753,0.004958044632608627,-0.014460015767145947,0.7561172,0.70057666,0.94607615
0.3063483423627268,0.0029250897577925983,-0.003052725296504783,0.75200397,0.7055029,0.9453699
0.30992901924782457,0.03580676885097778,-0.02227770300514749,0.75077295,0.7069456,0.94548297
0.3093559278727413,-0.005730913750832678,-0.01320739005262358,0.7462043,0.7123215,0.9451598
0.30910388098818364,-0.002520468845576551,-0.0025923227845039694,0.74245936,0.7165956,0.9448742
0.311849333402746,0.02745452414562366,-0.012424238179286114,0.74074686,0.7180181,0.9448921
0.31457417807126525,0.02724844668519244,-0.01795519569311247,0.7379072,0.7189884,0.94436777
0.31821113961297126,0.036369615417060075,-0.022847400187609522,0.7339535,0.7197993,0.9432359
0.31904334545217977,0.008322058392085108,-0.002438642007359965,0.7291212,0.7205374,0.94163543
0.32145702021509903,0.0241367476291926,-0.006386938596766781,0.72748876,0.7209742,0.94133216
0.32275088063880025,0.012938604237012208,-0.015027298264987252,0.72617096,0.7223271,0.94176525
0.32293625953033783,0.001853788915375798,-0.00403158352906394,0.7227972,0.7237321,0.94134796
0.3245355730193124,0.01599313488974574,-0.0018192105289602204,0.7205501,0.7246319,0.9411601
0.32626926298349557,0.017336899641831605,-0.007942048070140467,0.71908486,0.7255948,0.9413446
0.32968208800796855,0.034128250244729874,-0.019825056879440476,0.7165765,0.7264212,0.9409437
0.3314904587428343,0.018083707348657274,-0.008896028950550595,0.71191007,0.7272408,0.9395422
0.3322404296507941,0.007499709079598071,0.005160962123753987,0.71019745,0.7276944,0.9389516
0.33482654850947374,0.025861188586796535,-0.012825560702581762,0.70879537,0.7285496,0.93939495
0.3344857752974659,-0.0034077321200781663,-0.006493311570671473,0.70611554,0.7301337,0.9394552
0.33429572191224205,-0.0019005338522387616,0.004044767041037864,0.7037383,0.7312282,0.93936265
0.3363120237281597,0.02016301815917665,-0.00396623225954121,0.7028984,0.73197865,0.93974537
0.3378788577478641,0.015668340197043662,-0.008152920742304176,0.70116144,0.73290503,0.93980014
0.3415373013789615,0.03658443631097408,-0.020750995894561648,0.6983425,0.73365515,0.939258
0.34212936519919607,0.005920638202345785,0.00269983861489621,0.6956738,0.7341121,0.9379861
0.34332111368404034,0.011917484848442683,0.0032910575065218575,0.69453746,0.734555,0.9380117
0.3441321149337224,0.008110012496820862,-0.012110768390142307,0.6924683,0.7359903,0.93881124
0.3435702138088669,-0.005619011248555461,-0.0011625392152378533,0.68947697,0.7373478,0.93864334
0.3440991103768572,0.005288965679903224,0.004159011034939609,0.68771833,0.7381958,0.9387068
0.34540042858749753,0.013013182106403343,-0.004500461360297705,0.6872898,0.73902893,0.9393237
0.34823331336431007,0.028328847768125387,-0.01682192116210495,0.6853943,0.7397759,0.93919706
0.34982877473600577,0.015954613716956945,-0.008286491771800145,0.6815581,0.7404705,0.9380529
0.34998454283457714,0.0015576809857137386,0.007630385034490288,0.68013453,0.740837,0.9375194
0.3522330055039678,0.022484626693906606,-0.009726473859952418,0.6789493,0.74150455,0.9380085
0.35135877301838453,-0.008742324855832706,-0.006150119669237197,0.6765421,0.7430618,0.9383542
0.3507228833112696,-0.006358897071149228,0.0049317027866388604,0.67426425,0.7441275,0.93834853
0.3525555093348194,0.01832626023549777,-0.0023925891775369397,0.67358845,0.7447509,0.9387384
0.35325640486420506,0.007008955293856811,-0.005692250250185971,0.6722455,0.7456792,0.9390139
0.3569675037437472,0.037110988795421296,-0.023459240583098614,0.67005754,0.74629945,0.93868464
0.3570812185024224,0.0011371475867522074,0.001660722874866013,0.66600376,0.7468252,0.937105
0.35745924506753773,0.003780265651153192,0.0066673720328472375,0.66502964,0.74715865,0.93708444
0.3590133745684539,0.015541295009161571,-0.01581074064659192,0.66443163,0.7482786,0.93816334
0.35818696163507735,-0.008264129333765413,-0.002792955993238448,0.6608817,0.749615,0.937796
0.35803729869626916,-0.001496629388081927,0.006295589427104281,0.6588856,0.75044805,0.93779093
0.35938796560045805,0.013506669041888908,-0.0057111705658340105,0.65899706,0.75123096,0.9386176
0.36192254746815555,0.02534581867697505,-0.0174319672175181,0.6568763,0.75196785,0.9384514
0.3634573129685328,0.015347655003772331,-0.011490475295298098,0.65228605,0.7526491,0.9372195
0.3635057670566217,0.00048454088088900615,0.006562381402777362,0.6504547,0.75297195,0.9364908
0.3659248446169994,0.02419077560377736,-0.009402227609722352,0.6495535,0.75340533,0.9368159
0.3648656486021848,-0.01059196014814634,-0.008677201135831777,0.64721614,0.7549641,0.9373177
0.36395957337920626,-0.009060752229785307,0.0034344536620231954,0.6445728,0.75602454,0.9372262
0.36577452533462873,0.018149519554224725,-0.0029362293186985054,0.6435622,0.75657994,0.9374548
0.3661869536908462,0.0041242835621746465,-0.007332746758815058,0.6423657,0.7575048,0.937825
0.36968089213436883,0.03493938443522637,-0.02420331451719053,0.6398686,0.75811535,0.93742293
0.37014223823796527,0.0046134610359643835,-0.0018110464405469984,0.6359098,0.7585738,0.93586504
0.3700799699629269,-0.0006226827503835741,0.008317012961358559,0.63479185,0.7588635,0.93565845
0.3722601634181719,0.021801934552450053,-0.020922713815202686,0.6335559,0.75990784,0.9366502
0.37122155696351417,-0.010386064546577534,-0.005053596675855835,0.6294925,0.76124895,0.93609136
0.37038405511213307,-0.00837501851381095,0.007420406395492919,0.627208,0.76207745,0.936002
0.3719101242481186,0.015260691359855194,-0.008095805285003166,0.62713736,0.7628194,0.93685263
0.37421269388099887,0.023025696328802803,-0.018290707453796788,0.62467337,0.7635592,0.9365796
0.37651724477170817,0.023045508907093004,-0.01621167659214609,0.6214349,0.7640532,0.93545675
0.37663150845331517,0.001142636816069964,0.0049597009917638525,0.6197876,0.76427966,0.93449736
0.37906521451718933,0.024337060638741637,-0.00811520406856647,0.61897784,0.7645722,0.9346568
0.38004806886212644,0.009828543449371119,-0.012168265543127657,0.61657435,0.7655293,0.9346422
0.379929230341727,-0.0011883852039945575,0.00262307114141861,0.61401474,0.7662926,0.93414134
0.3811499599505914,0.012207296088644348,0.0001817356950565348,0.6123936,0.76686466,0.9342499
0.38234392689616215,0.011939669455707236,-0.007266529999897579,0.610507,0.7676109,0.9344257
0.38596418969437657,0.03620262798214424,-0.021886413508533865,0.6086965,0.76810473,0.93404585
0.38855342062108544,0.025892309267088742,-0.013799130214700151,0.60648894,0.7684299,0.93278116
0.3894668391468932,0.009134185258077299,4.806506548776411e-05,0.6047072,0.7687344,0.9319239
0.3922075842970975,0.02740745150204338,-0.009364564872889919,0.6034849,0.76908565,0.9318347
0.39344809317800444,0.01240508880906932,0.0010019088789353934,0.60160416,0.76949006,0.9312074
0.3938058124513688,0.0035771927336436526,0.006895529443400537,0.59993017,0.7700068,0.9311746
0.395140314934038,0.013345024826691976,-0.0003619252457779958,0.5985806,0.77052605,0.9314913
0.3967700269095233,0.016297119754852818,-0.0035758783635608687,0.5969931,0.77100164,0.93140334
0.4002802317588444,0.0351020484932113,-0.018768008147360925,0.59529424,0.77146006,0.93113524
0.3998759604763701,-0.004042712824743333,0.008144800224733347,0.59312123,0.7718134,0.9299951
0.4000680548056643,0.0019209432929423453,0.006981190009436879,0.5921137,0.77224565,0.93040407
0.4030331722764192,0.029651174707548966,-0.011376999923584284,0.5910657,0.7726695,0.93074304
0.4036555671773701,0.006223949009508956,0.0033380350704070574,0.58898795,0.77310544,0.93001056
0.4034191902612152,-0.002363769161549123,0.01100558560033358,0.5874745,0.7736088,0.9301274
0.4047020986843773,0.01282908423162088,-0.0007149780662044977,0.5863059,0.77413017,0.93068683
0.4071339142104456,0.02431815526068304,-0.009383891922258723,0.5847984,0.77456534,0.9305784
0.40751725358077107,0.0038333937032547505,0.003509765611184209,0.5828653,0.7749872,0.92996645
0.40706507818613225,-0.004521753946388207,0.010805431703493922,0.5815782,0.7754227,0.93010557
0.40885490200893415,0.01789823822801906,-0.004577336893946604,0.5806581,0.7758635,0.93066466
0.40990566520484717,0.010507631959130181,0.0009062431354951668,0.57909566,0.776249,0.930339
0.4599407660279433,0.5003510082309615,0.010462126862888074,0.59918404,0.7617475,0.9169446
1.038265369140798,5.783246031128546,0.03636393545139464,0.41922283,0.16066578,0.8331829
2.437911931042802,13.996465619020041,0.3480916583449872,0.89470774,0.08032674,0.95814157
0.2058914046505409,-22.32020526392261,1.1568271273557709,0.023724899,0.9037507,0.5979407
2.4460157521384662,22.40124347487925,1.338311639038488,0.90730554,0.09573787,0.9628526
1.6587064069143311,-7.873093452241351,-0.5254366933863239,0.6733009,0.122452095,0.8663617
1.341277294483747,-3.1742911243058414,-0.3600506084714945,0.55850405,0.18022901,0.8846213
0.8311924473366936,-5.100848471470534,0.8927829290789043,0.59998584,0.3341352,0.9115293
0.4600155424368745,-3.711769048998191,1.0305225572610948,0.79447484,0.63978106,0.96965
0.9066965757254277,4.466810332885532,-0.2941416551037271,0.8496516,0.48647386,0.9590282
3.0,20.933034242745723,-0.8293633165394393,0.86994433,0.042869143,0.8935596
0.3886544333034161,-26.113455666965837,0.3970247262542501,0.04020777,0.89038116,0.32049307
0.3196754968381057,-0.6897893646531039,0.8711633504333709,0.023630042,0.8922444,0.050748296
0.6109087139383765,2.912332171002708,-0.5875114197313176,0.036684927,0.821116,0.23130663
1.5875011739146594,9.765924599762828,-0.9863479166838862,0.11037106,0.65030164,0.8516196
3.0,14.124988260853405,0.3214171621802562,0.5341351,0.22239473,0.22543302
3.0,0.0,1.4418233085283623,0.66268194,0.10325276,0.03369325
3.0,0.0,1.8931882201242582,0.6398906,0.107120335,0.025789993
3.0,0.0,1.8540207715254886,0.51628685,0.14635666,0.033466805
3.0,0.0,1.8455711558065806,0.3371484,0.17991598,0.05430743
3.0,0.0,1.9488923318648868,0.2046168,0.21758692,0.091163225
3.0,0.0,1.9198340731518904,0.112956606,0.26680246,0.15564021
2.8494130605170738,-1.5058693948292623,1.7955987193061251,0.06829793,0.31567788,0.22366345
2.4476219636848118,-4.01791096832262,1.7404190656129477,0.046507202,0.35036165,0.3082468
2.5731467873801,1.255248236952884,1.5506568681419135,0.04500992,0.28957617,0.15911467
2.0454316663190175,-5.2771512106108265,1.3780320197256979,0.04125063,0.39316565,0.2739282
1.4003480711885579,-6.4508359513045965,1.275712277281476,0.03707397,0.636238,0.49978408
3.0,15.99651928811442,0.6275565614760519,0.36313072,0.48300177,0.43448344
3.0,0.0,0.2347567775125838,0.68623924,0.45004097,0.18526849
3.0,0.0,1.069804357404362,0.6621217,0.3804509,0.30810884
3.0,0.0,1.7150989326989639,0.6269488,0.3184013,0.38303936
3.0,0.0,1.9077509839505074,0.7641412,0.23284398,0.24439444
3.0,0.0,1.755391828621854,0.85380995,0.18829364,0.13024962
3.0,0.0,1.7402475661117627,0.90421736,0.14967968,0.07721782
3.0,0.0,1.844178964470642,0.93765,0.11806407,0.047466062
3.0,0.0,1.8391246044919722,0.9638847,0.088601544,0.029615048
3.0,0.0,1.783811336186864,0.9795287,0.0654903,0.021080516
3.0,0.0,1.8011397065339603,0.9829169,0.056116343,0.017086372
3.0,0.0,1.8211288128358354,0.9830883,0.05180821,0.015511109
3.000000000000003,3.108624468950438e-14,1.772491340342315,0.98365474,0.04815676,0.014270246
3.000000000000011,7.993605777301127e-14,1.7269630868374584,0.9854165,0.04505205,0.013432058
3.0,-1.1102230246251565e-13,1.7299859767600319,0.9873279,0.044515193,0.0129249375
3.000000000000002,2.220446049250313e-14,1.73711928780896,0.98645455,0.055464916,0.013056911
3.0000000000000115,9.325873406851315e-14,1.7233291940729485,0.97080314,0.1042298,0.017501527
3.000000000000001,-1.0658141036401503e-13,1.7105976624368844,0.81331134,0.15350407,0.036092155
3.0,-8.881784197001252e-15,1.70969137117841,0.29535013,0.20488758,0.0865754
3.0000000000000004,4.440892098500626e-15,1.708174936473655,0.30117893,0.08552259,0.09665737
3.0,-4.440892098500626e-15,1.7006988769217037,0.98904884,0.016668208,0.056643225
3.0000000000000124,1.2434497875801753e-13,1.6942042246524314,0.9877443,0.015678015,0.02747696
3.000000000000018,5.773159728050814e-14,1.6911522429151775,0.9658732,0.011364987,0.22580986
3.0,-1.8207657603852567e-13,1.6872613433910006,0.9971002,0.012871712,0.6250623
3.0000000000000173,1.7319479184152442e-13,1.6809669067853708,0.99873495,0.013265123,0.50809675
3.000000000000003,-1.4210854715202004e-13,1.674939651383212,0.9963323,0.013391637,0.26029116
3.0000000000000058,2.6645352591003757e-14,1.670304754385961,0.975194,0.014693633,0.1671035
3.0000000000000138,7.993605777301127e-14,1.6654790691305188,0.7718384,0.012718909,0.08030051
3.000000000000008,-5.773159728050814e-14,1.6599478673677877,0.57331717,0.011070711,0.03730558
3.0,-7.993605777301127e-14,1.6545881815115981,0.6025345,0.013032688,0.020734224
3.000000000000017,1.687538997430238e-13,1.6498388040858674,0.7022461,0.017734818,0.033543576
3.000000000000008,-8.881784197001252e-14,1.6449941249910218,0.81908876,0.03481819,0.046447515
3.0,-7.993605777301127e-14,1.6399016241797268,0.96423966,0.04954163,0.03336221
3.0000000000000164,1.6431300764452317e-13,1.6350950840753378,0.97855884,0.03906864,0.023545453
3.000000000000014,-2.220446049250313e-14,1.719438087582216,0.98326844,0.031125728,0.020011872
3.0000000000000058,-8.43769498715119e-14,1.6629998218313358,0.9779049,0.021389987,0.019324891
3.0000000000000036,-2.220446049250313e-14,1.6047303851464476,0.9652619,0.018647563,0.019785218
2.4946025492862463,-5.053974507137573,1.6116349060157233,0.9689551,0.018571824,0.018853532
1.7974001696549406,-6.972023796313056,1.3944047674181292,0.9764163,0.019361684,0.018334169
1.4728835631743906,-3.2451660648055003,0.6490359864231292,0.98482144,0.020414427,0.01746863
1.3826312238562857,-0.9025233931810495,0.18050289591808938,0.9899761,0.020649813,0.016341683
0.4428261554177142,-9.398050684385714,0.37157134920785156,0.99284345,0.020203825,0.01570023
-1.109675578478668,-15.525017338963822,0.2448567413154172,0.9931616,0.02207723,0.0180352
-2.0368572755854633,-9.27181697106795,-1.3048367524692133,0.9966414,0.027239215,0.019546676
-2.1023428845706666,-0.6548560898520339,-2.8067238853676852,0.9984842,0.02621692,0.01979047
-1.9362681104330428,1.6607477413762384,-3.0639036335118903,0.99894553,0.020937864,0.042581186
-2.3172058430966374,-3.8093773266359454,-1.9210051746343113,0.99918014,0.029286135,0.09885662
-2.3564139361241527,-0.3920809302751538,-1.60802698121862,0.99956405,0.09227495,0.26069206
-1.4549290777273733,9.014848583967794,-2.6136824072877567,0.9992683,0.85070765,0.57866853
-1.1974420600690505,2.5748701765832283,-3.0163629988168617,0.99839616,0.9987118,0.8270559
-1.0284860879084168,1.6895597216063374,-1.8366121424912107,0.99606556,0.9968001,0.8283641
-0.9857138170023989,0.42772270906017873,-0.871285847035909,0.9988001,0.9985962,0.36325544
-0.8676248600848416,1.1808895691755728,-1.3331342848886034,0.9991461,0.9981371,0.16580595
-0.6711383800098407,1.9648648007500091,-1.79812911036657,0.9992834,0.99576175,0.037694003
-0.5497273044154601,1.2141107559438058,-1.1729575491931816,0.9990441,0.9929823,0.018942252
-0.497398844434162,0.5232845998129815,-0.6300116233721356,0.99912405,0.9848083,0.016579282
-0.3907844708651145,1.066143735690475,-0.9670610586014708,0.9993521,0.9769857,0.015511166
-0.24441377338051498,1.4637069748459948,-1.1753473019920146,0.9995161,0.96723604,0.015329154
-0.15599376331010412,0.8842001007041086,-0.6945644356243517,0.99981457,0.9975573,0.0126599595
-0.10115903346691851,0.548347298431856,-0.44235666530015866,0.995436,0.97098595,0.02770258
-0.0039672949908745175,0.9719173847604399,-0.70023148895534,0.758948,0.7987306,0.23623298
0.07207334395730097,0.7604063894817549,-0.73774691454307,0.16210686,0.70148295,0.5510202
0.1230969365758346,0.5102359261853363,-0.43428409061744655,0.19082206,0.731168,0.6922057
0.18071179343186594,0.5761485685603133,-0.3739332517356457,0.2659384,0.7829009,0.74836177
0.2660446880689065,0.8533289463704058,-0.48818118888412243,0.39559534,0.8410814,0.77471715
0.3608676234130804,0.9482293534417385,-0.4028061825647046,0.6167093,0.89850026,0.7801271
0.4292651960501458,0.6839757263706542,-0.225135139458145,0.7799869,0.93253714,0.77703357
0.4860264619561277,0.5676126590598191,-0.1925121341372307,0.85254085,0.947173,0.7674416
0.5456434257799943,0.5961696382386655,-0.20941120198713264,0.8986943,0.9543198,0.7407909
0.5981646008693655,0.5252117508937126,-0.14520568964430755,0.9324382,0.9526364,0.6902034
0.6378747258166293,0.3971012494726378,-0.07051636922550261,0.94817746,0.9530029,0.6579857
0.6747084059977968,0.36833680181167505,-0.0573563151804224,0.9542185,0.95339423,0.63912916
0.7109897880697066,0.36281382071909785,-0.049840833694995576,0.9592051,0.9539691,0.6200867
0.7414720642285969,0.3048227615889032,-0.008770947772968225,0.9632789,0.95461833,0.59936285
0.7662687293674445,0.24796665138847596,0.026851708737371725,0.9642472,0.9548595,0.5721231
0.7892519144930878,0.22983185125643346,0.03633675493287368,0.96441567,0.95549285,0.5483743
0.8104582961419693,0.21206381648881445,0.04628839827597666,0.9645721,0.95633507,0.5276623
0.827889144730287,0.1743084858831767,0.06873944286490885,0.964727,0.9574701,0.50936204
0.842173931130293,0.14284786400006078,0.08537298318399562,0.9649813,0.95925206,0.49657583
0.8546370486985863,0.12463117568293214,0.09077150922431403,0.9640161,0.9608038,0.48466802
0.8648991566858958,0.10262107987309532,0.09781869863605261,0.962029,0.9625268,0.48004556
0.8719925764674118,0.07093419781516008,0.10844906653179014,0.9586027,0.9651531,0.48385414
0.8779843931823111,0.05991816714899345,0.11359263334278664,0.95458275,0.965235,0.47019356
0.882853477269075,0.048690840867638974,0.11481967734989217,0.9499528,0.96458584,0.45322192
0.8892570999239715,0.06403622654896468,0.11852803396030483,0.94594526,0.9640355,0.43834165
0.883052787809469,-0.06204312114502453,0.12375365200212113,0.9378592,0.9627351,0.4166493
0.8910844766779237,0.08031688868454623,0.12086457229179401,0.9329803,0.96171576,0.39961523
0.8759569989024667,-0.15127477775456977,0.11847565853946626,0.91911995,0.9591446,0.37180534
0.8734594408032335,-0.024975580992332436,0.11619944422875905,0.92038786,0.9580809,0.34623772
0.8781910043367344,0.04731563533500904,0.10541407921233208,0.92802155,0.95771056,0.32332444
0.8828687511162303,0.046777467794959504,0.10893288221745173,0.93373525,0.9574597,0.3050945
0.8866709141990069,0.038021630827765884,0.11923738056741175,0.93840164,0.95719385,0.28998458
0.8892163585569972,0.02545444357990312,0.11938977396188998,0.94210356,0.9565697,0.2727721
0.8908067895543804,0.015904309973832076,0.11666026354866467,0.94545543,0.9558793,0.2552323
0.8904647632382864,-0.003420263160940351,0.11915850935232869,0.9487423,0.9551341,0.23766066
0.8888327833372996,-0.016319799009867353,0.1201682707624433,0.95155936,0.95513,0.2246815
0.8866125322340108,-0.022202511032888284,0.11633431934799333,0.95315284,0.95801115,0.21827221
0.8821242588841595,-0.04488273349851357,0.11326435014751986,0.9541167,0.96258456,0.20646799
0.877872983516756,-0.0425127536740344,0.11107207434743463,0.9549461,0.9663702,0.19605058
0.872769925878427,-0.05103057638328967,0.10687644286229488,0.95573115,0.9698688,0.18572614
0.8707387008805167,-0.02031224997910308,0.10205219066417089,0.9571177,0.9718983,0.18047515
0.8678791665080993,-0.028595343724174827,0.09963069466114312,0.961742,0.97390676,0.17357874
0.8651178137775869,-0.027613527305123675,0.09862016530510401,0.96781105,0.97771764,0.16375494
0.8612107200131244,-0.039070937644625214,0.09549289987594106,0.974747,0.98181707,0.1513644
0.8573878698358869,-0.03822850177237491,0.10419182257532184,0.9789253,0.9841197,0.14260133
0.8528057653531913,-0.045821044826955815,0.09597200915813957,0.9833629,0.9866968,0.13183555
0.8487965015912727,-0.04009263761918569,0.08840024390679006,0.98653626,0.98864675,0.12290017
0.844069581667034,-0.04726919924238682,0.08163079866317625,0.98934174,0.99062383,0.11296395
0.8367513896228762,-0.07318192044157845,0.09780531545263584,0.991322,0.9921096,0.10470779
0.8284955793237019,-0.08255810299174327,0.09835892737253299,0.9933662,0.99370277,0.095155485
0.8220023753838168,-0.06493203939885062,0.07640671590818103,0.99491864,0.9950123,0.08580085
0.816363439608936,-0.05638935774880838,0.06029015792973188,0.9958695,0.9958465,0.07905959
0.8076297723030398,-0.08733667305896198,0.07512978731224441,0.9965067,0.99641794,0.07398936
0.7962404242673529,-0.11389348035686919,0.0908096799902524,0.997202,0.9970562,0.06777724
0.7885401235091902,-0.07700300758162637,0.05853769217846637,0.9978693,0.9976865,0.060922146
0.7828108392328457,-0.057292842763445595,0.03608784483572873,0.99810195,0.99795324,0.0579174
0.7747527507177269,-0.080580885151188,0.04965035483886709,0.9982043,0.998081,0.056384355
0.7630339106314079,-0.1171884008631896,0.07686852530810423,0.99833584,0.9982439,0.054413
0.7560206369158072,-0.07013273715600676,0.04055184926150606,0.9985115,0.9984607,0.051605515
0.7515141975616494,-0.04506439354157843,0.01575727701921468,0.99853975,0.9985245,0.049982578
0.744733209758126,-0.0678098780352343,0.029662113014435255,0.9985355,0.9985337,0.049582027
0.7356254070475101,-0.09107802710615842,0.04564556220982712,0.99854326,0.9985658,0.048635468
0.7300835115892685,-0.05541895458241575,0.019630419610501226,0.9985674,0.99860823,0.047458835
0.7260919971051483,-0.03991514484120273,0.005629885476271545,0.9985636,0.9986125,0.04715252
0.7208295706979032,-0.05262426407245058,0.013297670174208904,0.99854165,0.99859726,0.04726004
0.7154754316622228,-0.05354139035680383,0.013145698541883096,0.9985236,0.9985883,0.047199555
0.7118139115275488,-0.036615201346740234,0.0007289292007882534,0.9984907,0.9985703,0.04729119
0.7084972360378269,-0.03316675489721921,-0.0012938666183438068,0.9984483,0.9985395,0.047671117
0.7048429285443866,-0.03654307493440312,0.0013207127702944733,0.99840415,0.99850655,0.048094623
0.7016734534339102,-0.03169475110476383,-0.0024948698344418228,0.998361,0.9984758,0.048457943
0.6994334927227237,-0.02239960711186484,-0.008865925082066217,0.9983132,0.9984399,0.04892166
0.6973321101611253,-0.021013825615984194,-0.009285295481192448,0.9982597,0.99839664,0.049538568
0.6950351747418531,-0.02296935419272228,-0.008445098010251048,0.998208,0.9983508,0.050211824
0.6932549579774786,-0.017802167643744538,-0.01117388736814794,0.99815565,0.9983002,0.050974183
0.6918357968466751,-0.014191611308035368,-0.013882850949500277,0.99810225,0.9982461,0.051805146
0.6904961192320134,-0.01339677614661694,-0.01391987867659483,0.9980467,0.99818677,0.052735798
0.6893235013671756,-0.011726178648377994,-0.01405454053622881,0.9979904,0.99812573,0.053690024
0.688525979320414,-0.00797522046761534,-0.01565635308527134,0.99793315,0.9980625,0.054673254
0.6880155275834112,-0.00510451737002815,-0.016609287918240314,0.9978437,0.9979778,0.055543132
0.6880061586298621,-9.368953549082626e-05,-0.01632407783725866,0.99770975,0.99785924,0.05642882
0.6890846044979587,0.01078445868096578,-0.016115002209781723,0.9975162,0.99768573,0.057669185
0.6920448273521634,0.029602228542047193,-0.015675713757813004,0.99721074,0.99739724,0.059975326
0.6956940194930746,0.03649192140911195,-0.013215993513259123,0.9968322,0.99703413,0.06274941
0.6993020140521029,0.036079945590282714,-0.00964971009444373,0.9964525,0.99666524,0.06538709
0.7023734625917817,0.030714485396787783,-0.00703683656547168,0.9961457,0.99635684,0.06759552
0.7037062299150275,0.013327673232458315,-0.00616818851336232,0.99599946,0.99620795,0.06862823
0.7037673124137409,0.00061082498713394,-0.004252310967230928,0.9959248,0.9961329,0.06913532
0.707126225000579,0.0335891258683807,-0.004871936771657987,0.99551195,0.99572223,0.07179767
0.7121598385854329,0.0503361358485388,-0.0030555355270428207,0.9947721,0.9949818,0.076239154
0.7175395066917157,0.053796681062828755,0.0024098459103389803,0.99399436,0.99418706,0.08062633
0.7239123672821166,0.06372860590400875,0.007281154620427845,0.993118,0.9933375,0.085154116
0.7286849197176849,0.04772552435568289,0.010850905525852555,0.99228305,0.9926039,0.08898395
0.7302294182852287,0.01544498567543795,0.021038796496133234,0.9918806,0.9922517,0.090740934
0.7320971685655291,0.018677502803003954,0.025112054228762563,0.9917059,0.9920974,0.09146886
0.6443897273239084,-0.8770744124162067,0.04052785207546231,0.9980763,0.99832755,0.049225137
0.6519981302677977,0.07608402943889314,-0.022505068285814847,0.99795026,0.9982323,0.050477564
0.677658668392918,0.2566053812512026,-0.0750744831488256,0.99734914,0.9976026,0.058268353
0.6945579642224045,0.1689929582948646,-0.015926147541191867,0.9957218,0.99601245,0.06964961
0.7077207300542806,0.13162765831876144,0.02360721531037286,0.99357986,0.9938507,0.082135886
0.7224577088255258,0.14736978771245246,-0.0032883875952849817,0.9914341,0.9919031,0.0916828
0.7293321250705417,0.06874416245015835,0.056888301184987715,0.9882459,0.9891929,0.10369716
0.7312767134374129,0.019445883668711694,0.07072513346499629,0.98787916,0.98888326,0.1047319
0.7330907293291562,0.01814015891743348,0.03293901760310498,0.9890851,0.9898924,0.10033903
0.7322159082439403,-0.0087482108521586,0.029125669023858065,0.9896242,0.99034697,0.09828621
0.726150060729551,-0.06065847514389322,0.05136289415556959,0.990428,0.9910313,0.09514174
0.7201656208710236,-0.059844398585273684,0.04260630736072175,0.99176204,0.9922145,0.08939506
0.7147484328823546,-0.05417187988669081,0.027376225681691665,0.99242646,0.99295163,0.08587331
0.7118599860255352,-0.028884468568193267,-0.0005509160775802001,0.9928511,0.9934307,0.08343779
0.7062003743454165,-0.05659611680118748,0.024131369172633848,0.9929924,0.9935927,0.08258223
0.7035412304281056,-0.026591439173109244,0.01075978978015493,0.9933869,0.9940221,0.08029724
0.6959082964439002,-0.07632933984205392,0.049189303705027526,0.9937941,0.99442923,0.07811917
0.6895458831941538,-0.06362413249746401,0.04271992848932604,0.99450296,0.9951373,0.07412588
0.6858689742996458,-0.03676908894508002,0.007582443563296195,0.995029,0.99565715,0.07103448
0.6816761137525549,-0.04192860547090893,0.013378989540785749,0.99507606,0.9957199,0.07062481
0.6760376210654275,-0.0563849268712735,0.025458957881392172,0.99509025,0.9957617,0.07031741
0.6755502729466853,-0.004873481187421813,0.008499596723807882,0.9948346,0.9955777,0.071296744
0.678564864134748,0.030145911880626874,-0.0008611013799535455,0.9941206,0.9949745,0.07458355
0.6812635206479715,0.026986565132234297,0.012023004145575977,0.9931632,0.99413854,0.07889979
0.6843909221864899,0.03127401538518426,0.016928821904688265,0.9922747,0.9933688,0.08253927
0.6881057487675143,0.037148265810244,0.010719720636450202,0.9915513,0.992743,0.08533713
0.6906800779620673,0.025743291945530267,0.0068028673980047565,0.99099445,0.9922548,0.08744669
0.6902450469881075,-0.004350309739598046,0.01446673203468361,0.9906636,0.99196976,0.08862878
0.6886745916006174,-0.015704553874901217,0.014934720369765779,0.9906,0.9919523,0.08861376
0.6884822660977231,-0.0019232550289427497,0.007375971618015218,0.9903758,0.9917952,0.08917113
0.6877491832953658,-0.007330828023572877,0.010398417215728315,0.9901026,0.99158007,0.08999247
0.6869568076617706,-0.007923756335952437,0.014078080497267555,0.98993784,0.99145806,0.09043367
0.6873945207236807,0.004377130619100944,0.010894517377293586,0.9896224,0.99120927,0.09136247
0.6873162201582805,-0.0007830056540014674,0.013988264469423119,0.98928237,0.9909339,0.09238913
0.6832725206939523,-0.04043699464328254,0.04598567649422195,0.9891779,0.9908703,0.09257645
0.6801570732224802,-0.03115447471472077,0.04409355510854344,0.98952234,0.9912631,0.09084948
0.6791704115386472,-0.0098666168383299,0.020306262412899855,0.9898731,0.99163413,0.08927879
0.6770566016934932,-0.02113809845153969,0.01969401446711161,0.98990625,0.9916983,0.08896103
0.6737024840526403,-0.03354117640852916,0.030454778123779024,0.98971677,0.9915848,0.089328766
0.6715389058235459,-0.021635782290944094,0.02138395500997133,0.9896428,0.99159753,0.08914862
0.6702753510560784,-0.01263554767467534,0.011034584630072394,0.989584,0.99160534,0.08901942
0.6682998320510802,-0.019755190049981497,0.019944955950895394,0.98927945,0.99138767,0.08980756
0.6651566737808303,-0.03143158270249913,0.03256429971957234,0.98903453,0.9912369,0.09030067
0.6634831558541757,-0.016735179266545996,0.015102384274909435,0.98920196,0.99144745,0.08936559
0.6625019020096817,-0.0098125384449399,0.010516902022714564,0.98899585,0.9913209,0.08978313
0.6596313055756111,-0.028705964340706158,0.028110118302265764,0.9885356,0.9909847,0.0909957
0.6569193193564689,-0.027119862191422595,0.02044188458718437,0.98858845,0.99110085,0.09043689
0.6559907992392237,-0.009285201172452018,0.008560026095018504,0.98846817,0.9910618,0.090488315
0.653939621336228,-0.020511779029956934,0.02185454901378209,0.9879271,0.9906672,0.09188983
0.6512044202066622,-0.02735201129565712,0.021119738471502295,0.98782116,0.9906469,0.09186071
0.6499950220255192,-0.012093981811430732,0.008279631087247804,0.98776877,0.99066776,0.09168389
0.6482261022660145,-0.017689197595046613,0.018629349787098234,0.98718697,0.9902513,0.093117855
0.645846534636634,-0.02379567629380519,0.01989872587076602,0.9869542,0.9901294,0.09345485
0.6444234324877139,-0.014231021489200524,0.009034557412818212,0.9868765,0.99013215,0.0933466
0.6429201130641071,-0.015033194236068192,0.015813489572098067,0.98629445,0.98972684,0.094683826
0.6406041084855499,-0.023160045785571848,0.019752948764605604,0.98594743,0.98951745,0.09530873
0.639203637980532,-0.014004705050179034,0.008772195125969752,0.9858518,0.9895108,0.09523196
0.6377663852876707,-0.014372526928613238,0.013273483306856003,0.98529,0.9891303,0.09642995
0.6355633809693612,-0.022030043183095538,0.020334609514416697,0.98479044,0.9888056,0.097411916
0.6339789289964978,-0.015844519728633877,0.008417850703800986,0.98475206,0.9888508,0.09715841
0.6328501345799719,-0.011287944165259134,0.010629752951000831,0.98416114,0.98845536,0.098355874
0.6305915248398533,-0.022586097401186,0.021310228816678156,0.9835267,0.9880309,0.09961506
0.6290802513347574,-0.015112735050958337,0.008243522093935318,0.98349637,0.98809063,0.0993166
0.6282060874827663,-0.008741638519911277,0.007042888272378431,0.98296046,0.98774326,0.1003157
0.6258760281762373,-0.023300593065289643,0.02167501930132003,0.9821677,0.9872024,0.10188674
0.6240127381545304,-0.018632900217069315,0.010395894177876414,0.9821656,0.98730266,0.10149596
0.6233192432822031,-0.006934948723272827,0.004575692608778835,0.98167324,0.9870233,0.102286205
0.6212608647051647,-0.02058378577038389,0.020061901157677035,0.98071396,0.9863948,0.10411618
0.6192871660041606,-0.019736987010041673,0.01212463716363809,0.9806339,0.98643917,0.10390593
0.6185765855098254,-0.007105804943351446,0.003766507302081094,0.9801978,0.9862145,0.10449772
0.616772725963582,-0.018038595462434026,0.01822628008392959,0.9791421,0.98553085,0.106414884
0.6148100539100347,-0.019626720535472764,0.013392778192336497,0.9789546,0.9854999,0.106426716
0.6140506962564186,-0.007593576536161217,0.0037847648487115103,0.9786033,0.9853432,0.1068011
0.6121659212242793,-0.01884775032139352,0.01629928887979591,0.97771186,0.9847851,0.10830254
0.6099214285942219,-0.022444926300573265,0.014442816517559397,0.97752625,0.98475724,0.10830499
0.6088308838399297,-0.010905447542922664,0.0027285423398399613,0.97741044,0.9847705,0.10820045
0.6063524269718443,-0.024784568680853436,0.013828673162309785,0.9768637,0.98445886,0.10899922
0.603220823583761,-0.031316033880833816,0.014659351760071111,0.97690743,0.9845859,0.10858304
0.6011678872673348,-0.020529363164261127,0.002524871051096277,0.9770254,0.9847748,0.10798561
0.5984567753836788,-0.027111118836560255,0.007729419246135817,0.9766879,0.9846238,0.10833653
0.5947876501255587,-0.03669125258120132,0.013122420830376286,0.9766213,0.9846667,0.10815189
0.5923690927072529,-0.024185574183057668,0.0012930639876740223,0.97671884,0.98484504,0.10757865
0.5901269272078106,-0.02242165499442339,0.0012174297234165327,0.97628856,0.9846433,0.108061075
0.5863734063945687,-0.03753520813241873,0.011323271942750906,0.975889,0.98445684,0.10850341
0.5839753524189826,-0.02398053975586123,-0.0007611051370280171,0.9758298,0.98453724,0.10819568
0.5820217996247775,-0.0195355279420506,-0.004104964816919709,0.97521096,0.98422253,0.10896869
0.5790644598951602,-0.029573397296173143,0.004229933080151402,0.9744417,0.98380005,0.11002276
0.5771363207680015,-0.019281391271587234,-0.004031844298118487,0.97402173,0.9836342,0.110375896
0.575786797639282,-0.013495231287194986,-0.00823087108500286,0.97321033,0.98319316,0.11145035
0.5741581798673282,-0.016286177719537775,-0.005716402287747827,0.97220975,0.9826155,0.11286234
0.5727190887003835,-0.014390911669447393,-0.006863895807625584,0.97130233,0.98210835,0.11406526
0.5718615540361693,-0.008575346642141213,-0.010375855315201639,0.9703216,0.9815528,0.11536679
0.5710961280679689,-0.00765425968200395,-0.01075692256200715,0.9691762,0.98087496,0.11694503
0.5703507462916841,-0.007453817762848036,-0.009800532730797281,0.967979,0.98016334,0.118568
0.5697856045717697,-0.005651417199143971,-0.01094815436864264,0.9668454,0.97949064,0.12006921
0.5695237025348722,-0.0026190203689757663,-0.011929279289942625,0.96561843,0.97875476,0.12168247
0.56927232703019,-0.0025137550468212755,-0.011605814903020697,0.964356,0.9779836,0.123346046
0.5690636196374856,-0.002087073927043992,-0.011377520504514205,0.96312076,0.97722894,0.12493934
0.5690522771317388,-0.00011342505746858578,-0.011663487743627268,0.9620424,0.9765625,0.12632327
0.5481977551544535,-0.20854521977285323,-0.011891428089575617,0.9737486,0.98397374,0.10900876
0.4768837860874966,-0.7131396906695686,-0.024040818768670588,0.99213487,0.99532026,0.07040893
0.11379102501623534,-3.6309276107126123,-0.07787682357634293,0.07485785,0.55005103,0.938841
0.23274891148409282,1.1895788646785748,-0.31962820522308605,0.8295697,0.93123883,0.39723933
0.13941572842544853,-0.933331830586443,-0.4569157475277114,0.8918722,0.9394661,0.39684817
-0.015899542909162845,-1.5531527133461136,-0.2507041578601964,0.7212435,0.85605323,0.68159443
-0.1450098186886388,-1.2911027577947594,-0.35060207486792117,0.74871105,0.8826384,0.6796769
-0.19808759071650522,-0.5307777202786642,-0.6309122927932793,0.75454,0.89317614,0.6712749
-0.11569997214252015,0.8238761857398508,-0.643832674043398,0.68871796,0.85632455,0.68481445
-0.05770663051976765,0.5799334162275249,-0.47322662036231067,0.5778601,0.7975986,0.69488937
-0.018117214927187215,0.3958941559258043,-0.41729810697742126,0.3205908,0.64406615,0.72214264
0.007168001530760082,0.25285216457947296,-0.4615769795821543,0.059827365,0.42856893,0.8485978
0.006049375569012486,-0.011186259617475963,-0.4431473388314743,0.03400024,0.33918372,0.87564266
-0.2149969498093111,-2.2104632537832356,-0.39686492215711805,0.36252758,0.73265374,0.69510704
-0.40050608719216485,-1.8550913738285373,-0.5413306554653429,0.3836139,0.7934981,0.6460232
-0.6016899295007997,-2.011838423086348,-0.7911940807406457,0.5097643,0.5119601,0.24887088
-1.1768255270634755,-5.751355975626758,-0.9047328276078596,0.6958211,0.056722626,0.0511569
-1.7718136907481763,-5.9498816368470075,-1.1706246175974286,0.85172665,0.02207965,0.020976868
-1.9666802606126614,-1.9486656986448514,-1.7680569551553782,0.7706777,0.018761005,0.016594298
-1.9866558068828302,-0.19975546270168731,-2.061942209100499,0.55694157,0.014618986,0.015219754
-1.6762102231265754,3.1044558375625475,-1.8200762753893556,0.20093054,0.012737822,0.016404292
-1.4871037642684026,1.8910645885817279,-1.5512164769856638,0.108878225,0.013964935,0.021113148
-1.4996456496879425,-0.12541885419539822,-1.4316867339052017,0.09099488,0.014714226,0.023567375
-1.5161671940154458,-0.165215443275033,-1.4789481973280914,0.08034919,0.015038656,0.024276186
-1.4812578947089508,0.34909299306495,-1.525605666256856,0.06916232,0.015766438,0.026230875
-1.4986728341957227,-0.17414939486771974,-1.4660312779397062,0.06905156,0.017375957,0.029400405
-1.638418736781931,-1.3974590258620823,-1.4343933553573247,0.08717611,0.01936198,0.030457484
-1.6865779786346824,-0.48159241852751444,-1.549242477602778,0.10831836,0.022860216,0.03469681
-1.0155090676211014,6.71068911013581,-1.623878466840778,0.08535887,0.032019354,0.2700992
-0.9941607791807745,0.2134828844032688,-1.2946000458110292,0.08809599,0.021695297,0.49123836
-1.0981359991409478,-1.0397521996017334,-0.7801018471610855,0.1788237,0.026027767,0.35632175
-0.31423673512525585,7.83899264015692,-1.0529795895392973,0.06430609,0.025109034,0.6995971
-0.14975447645996998,1.6448225866528587,-1.219317109100014,0.32030007,0.23961663,0.48580682
-2.53749441543861,-23.877399389786397,-0.2513526962231116,0.47997627,0.014050586,0.30736664
-2.9136781898658057,-3.7618377442719586,-0.10064029385197323,0.7695117,0.014308335,0.07605387
-0.755880190462098,21.577979994037076,-1.8928599575851754,0.43767282,0.014928958,0.02585325
-3.601866480701575,-28.459862902394768,-2.8106858964057166,0.6012768,0.014395462,0.020372443
-1.4893459962842628,21.12520484417312,-2.607541188560543,0.8689696,0.014220826,0.023041107
-3.783874478959918,-22.94528482675655,-2.869242691540458,0.96230686,0.013509212,0.024200626
-2.1338236207539234,16.500508582059943,-2.3616800849940374,0.9820526,0.012422391,0.03376403
-2.757866118310384,-6.240424975564607,-2.739849190935425,0.9805593,0.012013668,0.046962216
0.24213388168961592,30.0,-2.0628750349727043,0.9583503,0.013124475,0.13071445
-2.757866118310384,-30.0,-1.301593790632062,0.9330631,0.013144745,0.15057251
-0.6096892792927737,21.481768390176104,-0.19218462384532986,0.9270594,0.014737299,0.25341055
-3.6096892792927737,-30.0,-1.2345268266462786,0.92348444,0.014436325,0.10345729
-1.5221312300464724,20.875580492463012,-1.7315493724465219,0.9378061,0.015367658,0.09912797
-3.476168858436554,-19.540376283900816,-2.4760116538492487,0.9349326,0.016817411,0.12164819
-0.9523377168731084,25.238311415634456,-2.1725796745959918,0.9142102,0.020914435,0.32726362
-1.9115846539384167,-9.592469370653083,-2.351977492645178,0.90089893,0.022491796,0.5509246
-0.6369366757647663,12.746479781736504,-1.4255119914777212,0.9837641,0.035542402,0.39928517
-0.33684784970920995,3.0008882605555636,-0.6028333458227579,0.99335814,0.06347088,0.65910107
0.19194845840361802,5.28796308112828,-0.02146755599319197,0.83667,0.55802906,0.7913255
0.2580051053235735,0.660566469199555,-0.08389546659349784,0.72911596,0.6290971,0.78718936
-0.5484535552993441,-8.064586606229176,0.017265672093801473,0.93952894,0.27807167,0.8809163
-1.9982000425503945,-14.497464872510504,-0.2825789978218354,0.8289729,0.057827115,0.8303315
-1.3914591237602356,6.067409187901589,-1.517728342486361,0.8220599,0.057496496,0.7937542
0.08976121786078584,14.812203416210213,-2.286650483256509,0.83780545,0.46939382,0.8785628
0.13073914636248413,0.4097792850169829,-1.001038789610272,0.019143295,0.9421672,0.24690127
0.3257398938847549,1.9500074752227075,0.5755137382368869,0.04173881,0.8709162,0.15976988
0.3173784832944445,-0.0836141059031037,0.3737356859521841,0.03672237,0.8768447,0.14076489
0.19186371939686736,-1.2551476389757714,-0.29478656017927746,0.020432986,0.9253977,0.039282694
0.18740084491235734,-0.04462874484510021,0.009211907119766105,0.023651315,0.9241558,0.0779551
0.1452554235714394,-0.4214542134091795,0.2860743065178449,0.02039354,0.92483157,0.35338604
0.13226872504547904,-0.1298669852596035,-0.03742711589327999,0.017779252,0.9515688,0.50337964
0.18500272212285374,0.527339970773747,-0.1559263637349689,0.022237882,0.9183574,0.32402387
0.23716097001473455,0.521582478918808,0.16042766921829812,0.02688298,0.8971088,0.16243592
0.24759110189371536,0.10430131878980814,0.22224659085677312,0.026813999,0.89378184,0.16281596
0.2579181727021388,0.10327070808423433,0.030271276296420613,0.026924934,0.8824688,0.2740715
0.22731210175315397,-0.3060607094898482,0.038980439861132456,0.023341253,0.91134655,0.43729207
0.20595484775021378,-0.21357254002940196,0.11969361381043966,0.021195464,0.9316111,0.57377076
0.19722101132029257,-0.08733836429921205,0.03744395094724917,0.019930085,0.9401318,0.57142705
0.19944005367060905,0.022190423503164747,0.0009449207205615394,0.019491859,0.9424716,0.55535156
0.20761303379589863,0.0817298012528958,0.05677211051863333,0.019757308,0.94251394,0.5720323
0.21118155695555846,0.03568523159659831,0.06302931961682291,0.019589014,0.94413024,0.55849427
0.21062101916843792,-0.005605377871205353,0.03675198792782941,0.019069474,0.9477262,0.5228929
0.20799032555175412,-0.026306936166838046,0.036900621358777114,0.01847691,0.9520872,0.4831193
0.20396935605659056,-0.04020969495163562,0.04266269153540799,0.017818315,0.9564965,0.4398491
0.2018849389923672,-0.02084417064223354,0.04078713136485032,0.017324885,0.9598906,0.40556455
0.2047858790378518,0.029009400454846068,0.03397069914662078,0.017220173,0.9606235,0.39318043
0.2082538436652683,0.03467964627416498,0.03619703234854615,0.017145794,0.9604049,0.3911551
0.21076180012706763,0.025079564617993266,0.04302022158516571,0.017012198,0.96026325,0.38978648
0.21326474328783762,0.02502943160769988,0.030019197640127667,0.016868984,0.9596916,0.38553226
0.21534864039419963,0.020838971063620038,0.03619644694516514,0.016730461,0.9594475,0.38307917
0.2169804630453922,0.01631822651192577,0.046242193660754945,0.016587572,0.9588264,0.3782368
0.218503315868201,0.015228528228087845,0.03892905186647775,0.016427364,0.9578839,0.37086955
0.21969768796081646,0.0119437209261547,0.0378986373361155,0.016258452,0.95723873,0.3645868
0.22333108315354583,0.03633395192729372,0.026384929646398648,0.016309848,0.9567356,0.36662883
0.22664540382178883,0.03314320668242998,0.02090006787497902,0.016333334,0.9566744,0.36992392
0.23036634834740113,0.037209445256123075,0.0018929782945531215,0.016364815,0.9568182,0.373523
0.23390358787781534,0.0353723953041421,-0.019180458645232035,0.016362248,0.95762026,0.37896985
0.2355429016283372,0.016393137505218425,0.024452025040289108,0.016302768,0.95880115,0.38591698
0.24090029571848048,0.05357394090143297,0.03561292688063071,0.01654246,0.95800686,0.3847121
0.24694493862955544,0.060446429110749544,0.011569413030860204,0.016794663,0.95575494,0.3758916
0.2500148288787144,0.03069890249158963,0.019713729977423766,0.016804783,0.95428914,0.37272504
0.25415231350527584,0.041374846265614384,0.038730916976914,0.016918257,0.95248294,0.3716575
0.2629913353691981,0.0883902186392227,0.03402810224205244,0.017390503,0.94855034,0.36754763
0.2704847862344759,0.07493450865277806,0.034340732197516655,0.01775904,0.9451619,0.36451367
0.29079008880171847,0.20305302567242556,0.04840143454800094,0.019121725,0.9385769,0.3729813
0.3946856976647087,1.038956088629902,0.08076435732197373,0.02730917,0.91041553,0.42705908
0.7933022486834016,3.986165510186929,0.14107771481397074,0.07198847,0.8157418,0.5411668
1.9472025823805916,11.5390033369719,0.4043423567538508,0.4233561,0.5066785,0.7304557
3.0,10.527974176194084,1.110112431858223,0.96889794,0.10764542,0.8749498
3.0,0.0,2.1099569290736637,0.98445916,0.10938526,0.8316163
2.486304319370547,-5.13695680629453,2.3028180769014757,0.9780016,0.24037471,0.9178511
0.8836233937997993,-16.026809255707477,1.492190017148963,0.80184215,0.94545704,0.9134471
0.867930703511488,-0.15692690288311217,0.3099103774192208,0.8996724,0.9634318,0.91137546
0.8955356685905334,0.27604965079045307,-0.4556781294982316,0.7784754,0.8086019,0.8765932
0.7525750984850628,-1.4296057010547059,0.5539898562533038,0.8890321,0.9459189,0.92693985
0.6652328373819013,-0.8734226110316146,1.1071169500087832,0.6735233,0.52499634,0.863483
1.552167936155158,8.869350987732565,0.10347772764666896,0.28076234,0.05291468,0.25824344
1.6423304004952657,0.9016246434010777,-0.3857103975331738,0.36482438,0.05334866,0.22654156
1.1286909324320604,-5.136394680632052,0.8263265733602109,0.3466206,0.055539414,0.33578357
1.1332787816871137,0.04587849255053289,1.3260090797728634,0.59518033,0.052147187,0.15166743
0.9640971267827754,-1.6918165490433834,0.2985912235113657,0.79271466,0.05324115,0.076300286
0.6498429989155692,-3.142541278672062,-0.07876075713790176,0.83287704,0.05761849,0.063317835
0.21471424338704204,-4.351287555285271,0.46833232607784453,0.8615526,0.056198597,0.06404954
-0.2787627687954762,-4.934770121825182,0.2579753063898932,0.88630295,0.07632673,0.08377444
-0.43008958659180363,-1.5132681779632744,-0.6870782268378112,0.9023112,0.09846168,0.11547987
-0.40209314609887264,0.27996440492930985,-0.9265613131292201,0.90524626,0.05366999,0.07463156
-0.6461773842206914,-2.440842381218187,-0.2994237508170873,0.91912305,0.039449833,0.07987226
-0.9171462532051394,-2.7096886898444805,-0.3167324824770472,0.9246342,0.037260525,0.09599488
-0.8953257379548285,0.21820515250310923,-1.1069460753080955,0.9284271,0.03660093,0.11037522
-0.7846537737438197,1.1067196421100878,-1.256052719176561,0.91932034,0.037124895,0.1725805
-0.8599261877301574,-0.7527241398633766,-0.5998408408405657,0.84382963,0.034079757,0.5266817
-0.8334133880257419,0.26512799704415446,-0.560682317219694,0.84389335,0.04502163,0.75920695
-0.6696090215789992,1.6380436644674279,-1.0209407599120686,0.8430069,0.05174256,0.849592
-0.5204956507374147,1.491133708415845,-0.883832682567095,0.7958585,0.06329426,0.9099013
-0.34406801105011486,1.764276396872998,-0.3840786154285244,0.93689126,0.20545445,0.9210525
-0.3331005396165662,0.10967471433548648,-0.3763358726520305,0.94866025,0.23351829,0.9140822
-0.30508895116530804,0.28011588451258174,-0.5346761240359302,0.9554832,0.21627308,0.88413286
-0.33504646942399735,-0.2995751825868931,-0.4435741539421868,0.90464365,0.15638402,0.7961439
-0.3798886263332521,-0.4484215690925475,-0.35940462919866323,0.8884434,0.11849073,0.6874396
-0.4154696442079826,-0.35581017874730503,-0.4752419445778985,0.89911854,0.08438866,0.63840073
-0.4588809097305151,-0.43411265522532494,-0.5302671734112624,0.90939796,0.052881725,0.6925289
-0.37973016074111154,0.7915074898940355,-0.48795571898920986,0.93038726,0.046953276,0.7545302
-0.17671802605392783,2.030121346871837,-0.43645441013909725,0.9341316,0.06787369,0.8307445
0.1171495778627174,2.9386760391664524,-0.2868424405618306,0.88937074,0.25578958,0.92999965
0.18000101166529045,0.6285143380257304,-0.0416348250693136,0.12195365,0.856539,0.91205573
0.16745748759979015,-0.125435240655003,0.0230854242168681,0.10920313,0.8636296,0.9101926
0.18472767415832475,0.172701865585346,-0.10108662238108523,0.13088065,0.8516727,0.91128695
0.16365082788281027,-0.21076846275514483,-0.08135350014481724,0.09059745,0.8749356,0.90674466
0.14334294245698428,-0.20307885425825983,-0.01229992436142191,0.06953342,0.88954467,0.9033897
0.14767850931835053,0.04335566861366241,-0.07296027623477241,0.070606194,0.88873625,0.9030375
0.135876049225459,-0.11802460092891515,-0.09634427662153222,0.057204373,0.89798725,0.90078396
0.12183479977435581,-0.14041249451103202,-0.05069148933624057,0.04636909,0.9024555,0.89632714
0.11839678441203169,-0.03438015362324118,-0.06690794626589991,0.042723894,0.9038613,0.89342195
0.1137862653542965,-0.04610519057735185,-0.098019382998634,0.03813394,0.90603966,0.8894966
0.10561374252411179,-0.08172522830184714,-0.0836034011007184,0.03282364,0.91357094,0.8702213
0.10241881455091223,-0.03194927973199563,-0.08083242825975501,0.03032203,0.9190081,0.8441793
0.10008342511913887,-0.023353894317733603,-0.0982025769706264,0.028112749,0.923959,0.8156649
0.09640259346564622,-0.036808316534926444,-0.09624097276389942,0.025624976,0.9299001,0.7732276
0.09331598242834589,-0.030866110373003325,-0.09102545274546181,0.023606762,0.9343659,0.7291899
0.09230646595630483,-0.01009516472041061,-0.09857263046204778,0.022284675,0.9358633,0.6890892
0.09256146149321967,0.002549955369148399,-0.10010192812404362,0.021415627,0.9364488,0.63960445
0.09197933944359604,-0.00582122049623629,-0.09519426202762349,0.020460099,0.93899983,0.5810002
0.0916576087148956,-0.003217307287004395,-0.09552538332788663,0.019614566,0.9413397,0.5225385
0.09246268256536114,0.008050738504655347,-0.09745816801178075,0.0191096,0.94312465,0.46384555
